id,symptom_name,normalized_name,definition,synonyms,uri,icd_code,source,body_system,release
629,A Blotchy Rash,a blotchy rash,,,,,Extracted from disease definitions (mentioned in 1 diseases),,2025-01
505,A Characteristic Erythematous Dermatitis That Is Bilateral,a characteristic erythematous dermatitis that is bilateral,,,,,Extracted from disease definitions (mentioned in 1 diseases),,2025-01
597,A Characteristic Rash,a characteristic rash,,,,,Extracted from disease definitions (mentioned in 1 diseases),,2025-01
507,A Dementia After Mental Changes Including Insomnia,a dementia after mental changes including insomnia,,,,,Extracted from disease definitions (mentioned in 1 diseases),,2025-01
444,A Distinctive Rash,a distinctive rash,,,,,Extracted from disease definitions (mentioned in 1 diseases),,2025-01
328,A Fear Of Weight Gain,a fear of weight gain,,,,,Extracted from disease definitions (mentioned in 1 diseases),,2025-01
180,A Fever,a fever,,,,,Extracted from disease definitions (mentioned in 5 diseases),,2025-01
606,A Feverish Syndrome With Sudden Onset Of Flu-Like Fever,a feverish syndrome with sudden onset of flu-like fever,,,,,Extracted from disease definitions (mentioned in 1 diseases),,2025-01
463,A Lump Developing In The Tissue,a lump developing in the tissue,,,,,Extracted from disease definitions (mentioned in 1 diseases),,2025-01
427,A Mild Clinical Presentation Of Paroxysmal Cough,a mild clinical presentation of paroxysmal cough,,,,,Extracted from disease definitions (mentioned in 1 diseases),,2025-01
422,A Painful Swollen Purulent Mass Centred On A Hair Follicle,a painful swollen purulent mass centred on a hair follicle,,,,,Extracted from disease definitions (mentioned in 1 diseases),,2025-01
585,A Red Rash,a red rash,,,,,Extracted from disease definitions (mentioned in 1 diseases),,2025-01
586,A Sore Throat,a sore throat,,,,,Extracted from disease definitions (mentioned in 1 diseases),,2025-01
553,A Subacute Severe Symmetrical Proximal Myopathy,a subacute severe symmetrical proximal myopathy,,,,,Extracted from disease definitions (mentioned in 1 diseases),,2025-01
519,A Symptomatic Presentation Of Seizures,a symptomatic presentation of seizures,,,,,Extracted from disease definitions (mentioned in 1 diseases),,2025-01
451,A Vesicular Rash,a vesicular rash,,,,,Extracted from disease definitions (mentioned in 1 diseases),,2025-01
496,A Widespread Lichenoid Rash,a widespread lichenoid rash,,,,,Extracted from disease definitions (mentioned in 1 diseases),,2025-01
462,Abdominal,abdominal,,,,,Extracted from disease definitions (mentioned in 1 diseases),,2025-01
731,Abdominal bloating,abdominal bloating,,,,,Curated symptom vocabulary,,2025-01
1493,Abdominal compartment syndrome,abdominal compartment syndrome,"Abdominal compartment syndrome is a condition of organ dysfunction caused by increased intra-abdominal pressure (intra-abdominal hypertension), possibly due to intra-abdominal haemorrhage, retroperitoneal haematoma, or intestinal oedema, often occurred after surgical intervention or trauma, or often associated with septic condition. The importance of this clinical entity was recognised recently in the end of the 20th Century. Usually the abdominal distension due to primary ischaemic bowel injury was excluded from this clinical entity.",,https://id.who.int/icd/release/11/2025-01/mms/918157973,ME00,ICD-11 MMS Chapter 21 API,,2025-01
732,Abdominal cramps,abdominal cramps,,,,,Curated symptom vocabulary,,2025-01
403,Abdominal distension,abdominal distension,,,,,Extracted from disease definitions (mentioned in 1 diseases),,2025-01
1111,Abdominal or pelvic pain,abdominal or pelvic pain,"Pain, an unpleasant distress sensation occurring in varying degrees of severity, received by nerve ending in the abdominal and pelvic region.",,https://id.who.int/icd/release/11/2025-01/mms/1293213417,MD81,ICD-11 MMS Chapter 21 API,,2025-01
90,Abdominal pain,abdominal pain,,,,,Extracted from disease definitions (mentioned in 28 diseases),,2025-01
740,Abdominal rigidity,abdominal rigidity,,,,,Curated symptom vocabulary,,2025-01
739,Abdominal tenderness,abdominal tenderness,,,,,Curated symptom vocabulary,,2025-01
1285,Abnormal arterial blood-gas level,abnormal arterial blood-gas level,,,https://id.who.int/icd/release/11/2025-01/mms/1084917859,MA18.2,ICD-11 MMS Chapter 21 API,,2025-01
1085,"Abnormal blood-pressure reading, without diagnosis","abnormal blood-pressure reading, without diagnosis","Abnormal blood-pressure reading, without diagnosis is a reading of blood pressure which is higher than normal blood pressure or lower than normal blood pressure, without diagnosis.",,https://id.who.int/icd/release/11/2025-01/mms/1853670927,MC80,ICD-11 MMS Chapter 21 API,,2025-01
1438,"Abnormal blood-pressure reading, without diagnosis, unspecified","abnormal blood-pressure reading, without diagnosis, unspecified",,,https://id.who.int/icd/release/11/2025-01/mms/1853670927/unspecified,MC80.Z,ICD-11 MMS Chapter 21 API,,2025-01
1494,Abnormal bowel sounds,abnormal bowel sounds,"Bowel sounds are caused by the products of digestion as they move through the lower gastrointestinal tract, usually heard on auscultation. Abnormal bowel sounds are reduced or increased bowel sounds which provide valuable information about the disorders of bowel movement.",,https://id.who.int/icd/release/11/2025-01/mms/48769702,ME03,ICD-11 MMS Chapter 21 API,,2025-01
1792,"Abnormal bowel sounds, unspecified","abnormal bowel sounds, unspecified",,,https://id.who.int/icd/release/11/2025-01/mms/48769702/unspecified,ME03.Z,ICD-11 MMS Chapter 21 API,,2025-01
1620,Abnormal cervix smear,abnormal cervix smear,,,https://id.who.int/icd/release/11/2025-01/mms/1322223068,MF66.0,ICD-11 MMS Chapter 21 API,,2025-01
1176,Abnormal chromosomal findings in specimens from female genital organs,abnormal chromosomal findings in specimens from female genital organs,,,https://id.who.int/icd/release/11/2025-01/mms/134457129,MF68,ICD-11 MMS Chapter 21 API,,2025-01
1187,Abnormal chromosomal findings in specimens from male genital organs,abnormal chromosomal findings in specimens from male genital organs,,,https://id.who.int/icd/release/11/2025-01/mms/470773651,MF78,ICD-11 MMS Chapter 21 API,,2025-01
1286,Abnormal coagulation profile,abnormal coagulation profile,,,https://id.who.int/icd/release/11/2025-01/mms/1621049377,MA18.3,ICD-11 MMS Chapter 21 API,,2025-01
1427,Abnormal cytological findings in cerebrospinal fluid,abnormal cytological findings in cerebrospinal fluid,,,https://id.who.int/icd/release/11/2025-01/mms/1991292468,MB70.6,ICD-11 MMS Chapter 21 API,,2025-01
1509,Abnormal cytological findings in specimens from digestive organs and abdominal cavity,abnormal cytological findings in specimens from digestive organs and abdominal cavity,,,https://id.who.int/icd/release/11/2025-01/mms/1362169845,ME20.6,ICD-11 MMS Chapter 21 API,,2025-01
1174,Abnormal cytological findings in specimens from female genital organs,abnormal cytological findings in specimens from female genital organs,,,https://id.who.int/icd/release/11/2025-01/mms/1280206666,MF66,ICD-11 MMS Chapter 21 API,,2025-01
1622,"Abnormal cytological findings in specimens from female genital organs, unspecified","abnormal cytological findings in specimens from female genital organs, unspecified",,,https://id.who.int/icd/release/11/2025-01/mms/1280206666/unspecified,MF66.Z,ICD-11 MMS Chapter 21 API,,2025-01
1185,Abnormal cytological findings in specimens from male genital organs,abnormal cytological findings in specimens from male genital organs,,,https://id.who.int/icd/release/11/2025-01/mms/1354149835,MF76,ICD-11 MMS Chapter 21 API,,2025-01
1244,"Abnormal cytological findings in specimens from other organs, systems and tissues","abnormal cytological findings in specimens from other organs, systems and tissues",,,https://id.who.int/icd/release/11/2025-01/mms/506625143,MG66,ICD-11 MMS Chapter 21 API,,2025-01
1480,Abnormal cytological findings in specimens from respiratory organs and thorax,abnormal cytological findings in specimens from respiratory organs and thorax,,,https://id.who.int/icd/release/11/2025-01/mms/1305069430,MD40.6,ICD-11 MMS Chapter 21 API,,2025-01
1247,Abnormal diagnostic imaging results not elsewhere classified,abnormal diagnostic imaging results not elsewhere classified,,,https://id.who.int/icd/release/11/2025-01/mms/2122862035,MG70,ICD-11 MMS Chapter 21 API,,2025-01
1289,"Abnormal findings of blood chemistry, unspecified","abnormal findings of blood chemistry, unspecified",,,https://id.who.int/icd/release/11/2025-01/mms/221651900/unspecified,MA18.Z,ICD-11 MMS Chapter 21 API,,2025-01
1209,Abnormal findings on cytological and histological examination of urine,abnormal findings on cytological and histological examination of urine,,,https://id.who.int/icd/release/11/2025-01/mms/1919592035,MF9C,ICD-11 MMS Chapter 21 API,,2025-01
1208,Abnormal findings on microbiological examination of urine,abnormal findings on microbiological examination of urine,,,https://id.who.int/icd/release/11/2025-01/mms/251900705,MF9B,ICD-11 MMS Chapter 21 API,,2025-01
1713,Abnormal findings on neonatal screening,abnormal findings on neonatal screening,,,https://id.who.int/icd/release/11/2025-01/mms/201152505,MG71.0,ICD-11 MMS Chapter 21 API,,2025-01
1739,Abnormal glucose tolerance test,abnormal glucose tolerance test,"Greater than normal levels of glucose found in laboratory examination of the blood to check how the body breaks down (metabolizes) blood sugar. Positive findings may indicate diabetes or Cushing diseases, among other things.",,https://id.who.int/icd/release/11/2025-01/mms/1870522325,MA18.00,ICD-11 MMS Chapter 21 API,,2025-01
1378,Abnormal head movements,abnormal head movements,,,https://id.who.int/icd/release/11/2025-01/mms/412021217,MB46.1,ICD-11 MMS Chapter 21 API,,2025-01
1428,Abnormal histological findings in cerebrospinal fluid,abnormal histological findings in cerebrospinal fluid,,,https://id.who.int/icd/release/11/2025-01/mms/335248290,MB70.7,ICD-11 MMS Chapter 21 API,,2025-01
1510,Abnormal histological findings in specimens from digestive organs and abdominal cavity,abnormal histological findings in specimens from digestive organs and abdominal cavity,,,https://id.who.int/icd/release/11/2025-01/mms/880460385,ME20.7,ICD-11 MMS Chapter 21 API,,2025-01
1175,Abnormal histological findings in specimens from female genital organs,abnormal histological findings in specimens from female genital organs,,,https://id.who.int/icd/release/11/2025-01/mms/688237280,MF67,ICD-11 MMS Chapter 21 API,,2025-01
1186,Abnormal histological findings in specimens from male genital organs,abnormal histological findings in specimens from male genital organs,,,https://id.who.int/icd/release/11/2025-01/mms/905798239,MF77,ICD-11 MMS Chapter 21 API,,2025-01
1245,"Abnormal histological findings in specimens from other organs, systems and tissues","abnormal histological findings in specimens from other organs, systems and tissues",,,https://id.who.int/icd/release/11/2025-01/mms/2071572963,MG67,ICD-11 MMS Chapter 21 API,,2025-01
1481,Abnormal histological findings in specimens from respiratory organs and thorax,abnormal histological findings in specimens from respiratory organs and thorax,,,https://id.who.int/icd/release/11/2025-01/mms/679611104,MD40.7,ICD-11 MMS Chapter 21 API,,2025-01
1425,Abnormal immunological findings in cerebrospinal fluid,abnormal immunological findings in cerebrospinal fluid,,,https://id.who.int/icd/release/11/2025-01/mms/1733700447,MB70.4,ICD-11 MMS Chapter 21 API,,2025-01
1507,Abnormal immunological findings in specimens from digestive organs and abdominal cavity,abnormal immunological findings in specimens from digestive organs and abdominal cavity,,,https://id.who.int/icd/release/11/2025-01/mms/1087869600,ME20.4,ICD-11 MMS Chapter 21 API,,2025-01
1172,Abnormal immunological findings in specimens from female genital organs,abnormal immunological findings in specimens from female genital organs,,,https://id.who.int/icd/release/11/2025-01/mms/1571355169,MF64,ICD-11 MMS Chapter 21 API,,2025-01
1183,Abnormal immunological findings in specimens from male genital organs,abnormal immunological findings in specimens from male genital organs,,,https://id.who.int/icd/release/11/2025-01/mms/1095774880,MF74,ICD-11 MMS Chapter 21 API,,2025-01
1242,"Abnormal immunological findings in specimens from other organs, systems and tissues","abnormal immunological findings in specimens from other organs, systems and tissues",,,https://id.who.int/icd/release/11/2025-01/mms/265609502,MG64,ICD-11 MMS Chapter 21 API,,2025-01
1478,Abnormal immunological findings in specimens from respiratory organs and thorax,abnormal immunological findings in specimens from respiratory organs and thorax,,,https://id.who.int/icd/release/11/2025-01/mms/1546607135,MD40.4,ICD-11 MMS Chapter 21 API,,2025-01
1046,Abnormal involuntary movements,abnormal involuntary movements,"Abnormal involuntary movements include abnormal head movements, tremor, cramp, spasm, fasciculation, and other abnormal involuntary movements",,https://id.who.int/icd/release/11/2025-01/mms/682424259,MB46,ICD-11 MMS Chapter 21 API,,2025-01
1384,"Abnormal involuntary movements, unspecified","abnormal involuntary movements, unspecified",,,https://id.who.int/icd/release/11/2025-01/mms/682424259/unspecified,MB46.Z,ICD-11 MMS Chapter 21 API,,2025-01
1248,"Abnormal laboratory results, not elsewhere classified","abnormal laboratory results, not elsewhere classified",,,https://id.who.int/icd/release/11/2025-01/mms/599682963,MG71,ICD-11 MMS Chapter 21 API,,2025-01
1715,"Abnormal laboratory results, not elsewhere classified, unspecified","abnormal laboratory results, not elsewhere classified, unspecified",,,https://id.who.int/icd/release/11/2025-01/mms/599682963/unspecified,MG71.Z,ICD-11 MMS Chapter 21 API,,2025-01
1284,Abnormal level of blood mineral,abnormal level of blood mineral,,,https://id.who.int/icd/release/11/2025-01/mms/134163862,MA18.1,ICD-11 MMS Chapter 21 API,,2025-01
1423,"Abnormal level of drugs, medicaments and biological substances in cerebrospinal fluid","abnormal level of drugs, medicaments and biological substances in cerebrospinal fluid",,,https://id.who.int/icd/release/11/2025-01/mms/1911780703,MB70.2,ICD-11 MMS Chapter 21 API,,2025-01
1170,"Abnormal level of drugs, medicaments and biological substances in specimens from female genital organs","abnormal level of drugs, medicaments and biological substances in specimens from female genital organs",,,https://id.who.int/icd/release/11/2025-01/mms/1259185185,MF62,ICD-11 MMS Chapter 21 API,,2025-01
1181,"Abnormal level of drugs, medicaments and biological substances in specimens from male genital organs","abnormal level of drugs, medicaments and biological substances in specimens from male genital organs",,,https://id.who.int/icd/release/11/2025-01/mms/1475701922,MF72,ICD-11 MMS Chapter 21 API,,2025-01
1240,"Abnormal level of drugs, medicaments and biological substances in specimens from other organs, systems and tissues","abnormal level of drugs, medicaments and biological substances in specimens from other organs, systems and tissues",,,https://id.who.int/icd/release/11/2025-01/mms/426884892,MG62,ICD-11 MMS Chapter 21 API,,2025-01
1476,"Abnormal level of drugs, medicaments and biological substances in specimens from respiratory organs and thorax","abnormal level of drugs, medicaments and biological substances in specimens from respiratory organs and thorax",,,https://id.who.int/icd/release/11/2025-01/mms/1250559007,MD40.2,ICD-11 MMS Chapter 21 API,,2025-01
1505,"Abnormal level of drugs, medicaments or biological substances in specimens from digestive organs of abdominal cavity","abnormal level of drugs, medicaments or biological substances in specimens from digestive organs of abdominal cavity",,,https://id.who.int/icd/release/11/2025-01/mms/1450364062,ME20.2,ICD-11 MMS Chapter 21 API,,2025-01
1421,Abnormal level of enzymes in cerebrospinal fluid,abnormal level of enzymes in cerebrospinal fluid,,,https://id.who.int/icd/release/11/2025-01/mms/1612048438,MB70.0,ICD-11 MMS Chapter 21 API,,2025-01
1503,Abnormal level of enzymes in specimens from digestive organs or abdominal cavity,abnormal level of enzymes in specimens from digestive organs or abdominal cavity,,,https://id.who.int/icd/release/11/2025-01/mms/1200902645,ME20.0,ICD-11 MMS Chapter 21 API,,2025-01
1168,Abnormal level of enzymes in specimens from female genital organs,abnormal level of enzymes in specimens from female genital organs,,,https://id.who.int/icd/release/11/2025-01/mms/1525365068,MF60,ICD-11 MMS Chapter 21 API,,2025-01
1179,Abnormal level of enzymes in specimens from male genital organs,abnormal level of enzymes in specimens from male genital organs,,,https://id.who.int/icd/release/11/2025-01/mms/1175712203,MF70,ICD-11 MMS Chapter 21 API,,2025-01
1238,"Abnormal level of enzymes in specimens from other organs, systems and tissues","abnormal level of enzymes in specimens from other organs, systems and tissues",,,https://id.who.int/icd/release/11/2025-01/mms/144122487,MG60,ICD-11 MMS Chapter 21 API,,2025-01
1474,Abnormal level of enzymes in specimens from respiratory organs and thorax,abnormal level of enzymes in specimens from respiratory organs and thorax,,,https://id.who.int/icd/release/11/2025-01/mms/1533843828,MD40.0,ICD-11 MMS Chapter 21 API,,2025-01
1422,Abnormal level of hormones in cerebrospinal fluid,abnormal level of hormones in cerebrospinal fluid,,,https://id.who.int/icd/release/11/2025-01/mms/90056096,MB70.1,ICD-11 MMS Chapter 21 API,,2025-01
1504,Abnormal level of hormones in specimens from digestive organs or abdominal cavity,abnormal level of hormones in specimens from digestive organs or abdominal cavity,,,https://id.who.int/icd/release/11/2025-01/mms/585079905,ME20.1,ICD-11 MMS Chapter 21 API,,2025-01
1169,Abnormal level of hormones in specimens from female genital organs,abnormal level of hormones in specimens from female genital organs,,,https://id.who.int/icd/release/11/2025-01/mms/1067513054,MF61,ICD-11 MMS Chapter 21 API,,2025-01
1180,Abnormal level of hormones in specimens from male genital organs,abnormal level of hormones in specimens from male genital organs,,,https://id.who.int/icd/release/11/2025-01/mms/592985183,MF71,ICD-11 MMS Chapter 21 API,,2025-01
1239,"Abnormal level of hormones in specimens from other organs, systems and tissues","abnormal level of hormones in specimens from other organs, systems and tissues",,,https://id.who.int/icd/release/11/2025-01/mms/1843195875,MG61,ICD-11 MMS Chapter 21 API,,2025-01
1475,Abnormal level of hormones in specimens from respiratory organs and thorax,abnormal level of hormones in specimens from respiratory organs and thorax,,,https://id.who.int/icd/release/11/2025-01/mms/1042765026,MD40.1,ICD-11 MMS Chapter 21 API,,2025-01
1716,Abnormal level of lead in blood,abnormal level of lead in blood,Abnormal level of lead in blood in those who have been exposed to lead and who require management.,,https://id.who.int/icd/release/11/2025-01/mms/1183434772,MA13.00,ICD-11 MMS Chapter 21 API,,2025-01
1272,"Abnormal level of other specified substances chiefly nonmedicinal as to source in blood, blood-forming organs and the immune system","abnormal level of other specified substances chiefly nonmedicinal as to source in blood, blood-forming organs and the immune system",,,https://id.who.int/icd/release/11/2025-01/mms/1600579423/other,MA13.Y,ICD-11 MMS Chapter 21 API,,2025-01
1424,Abnormal level of substances chiefly nonmedicinal as to source in cerebrospinal fluid,abnormal level of substances chiefly nonmedicinal as to source in cerebrospinal fluid,,,https://id.who.int/icd/release/11/2025-01/mms/347650251,MB70.3,ICD-11 MMS Chapter 21 API,,2025-01
1506,Abnormal level of substances chiefly nonmedicinal as to source in specimens from digestive organs and abdominal cavity,abnormal level of substances chiefly nonmedicinal as to source in specimens from digestive organs and abdominal cavity,,,https://id.who.int/icd/release/11/2025-01/mms/859373836,ME20.3,ICD-11 MMS Chapter 21 API,,2025-01
1171,Abnormal level of substances chiefly nonmedicinal as to source in specimens from female genital organs,abnormal level of substances chiefly nonmedicinal as to source in specimens from female genital organs,,,https://id.who.int/icd/release/11/2025-01/mms/776366517,MF63,ICD-11 MMS Chapter 21 API,,2025-01
1182,Abnormal level of substances chiefly nonmedicinal as to source in specimens from male genital organs,abnormal level of substances chiefly nonmedicinal as to source in specimens from male genital organs,,,https://id.who.int/icd/release/11/2025-01/mms/851353908,MF73,ICD-11 MMS Chapter 21 API,,2025-01
1241,"Abnormal level of substances chiefly nonmedicinal as to source in specimens from other organs, systems and tissues","abnormal level of substances chiefly nonmedicinal as to source in specimens from other organs, systems and tissues",,,https://id.who.int/icd/release/11/2025-01/mms/2084205194,MG63,ICD-11 MMS Chapter 21 API,,2025-01
1477,Abnormal level of substances chiefly nonmedicinal as to source in specimens from respiratory organs and thorax,abnormal level of substances chiefly nonmedicinal as to source in specimens from respiratory organs and thorax,,,https://id.who.int/icd/release/11/2025-01/mms/801229195,MD40.3,ICD-11 MMS Chapter 21 API,,2025-01
1263,Abnormal level of unspecified serum enzyme,abnormal level of unspecified serum enzyme,,,https://id.who.int/icd/release/11/2025-01/mms/1070128599,MA10.2,ICD-11 MMS Chapter 21 API,,2025-01
1262,Abnormal levels of other specified serum enzymes,abnormal levels of other specified serum enzymes,,,https://id.who.int/icd/release/11/2025-01/mms/1518538819,MA10.1,ICD-11 MMS Chapter 21 API,,2025-01
1205,Abnormal levels of serum electrolytes in the urine,abnormal levels of serum electrolytes in the urine,,,https://id.who.int/icd/release/11/2025-01/mms/1798350834,MF98,ICD-11 MMS Chapter 21 API,,2025-01
1635,"Abnormal levels of serum electrolytes in the urine, unspecified","abnormal levels of serum electrolytes in the urine, unspecified",,,https://id.who.int/icd/release/11/2025-01/mms/1798350834/unspecified,MF98.Z,ICD-11 MMS Chapter 21 API,,2025-01
1426,Abnormal microbiological findings in cerebrospinal fluid,abnormal microbiological findings in cerebrospinal fluid,,,https://id.who.int/icd/release/11/2025-01/mms/35514059,MB70.5,ICD-11 MMS Chapter 21 API,,2025-01
1508,Abnormal microbiological findings in specimens from digestive organs and abdominal cavity,abnormal microbiological findings in specimens from digestive organs and abdominal cavity,,,https://id.who.int/icd/release/11/2025-01/mms/631004938,ME20.5,ICD-11 MMS Chapter 21 API,,2025-01
1173,Abnormal microbiological findings in specimens from female genital organs,abnormal microbiological findings in specimens from female genital organs,,,https://id.who.int/icd/release/11/2025-01/mms/954415029,MF65,ICD-11 MMS Chapter 21 API,,2025-01
1184,Abnormal microbiological findings in specimens from male genital organs,abnormal microbiological findings in specimens from male genital organs,,,https://id.who.int/icd/release/11/2025-01/mms/605814582,MF75,ICD-11 MMS Chapter 21 API,,2025-01
1243,"Abnormal microbiological findings in specimens from other organs, systems and tissues","abnormal microbiological findings in specimens from other organs, systems and tissues",,,https://id.who.int/icd/release/11/2025-01/mms/1788816520,MG65,ICD-11 MMS Chapter 21 API,,2025-01
1479,Abnormal microbiological findings in specimens from respiratory organs and thorax,abnormal microbiological findings in specimens from respiratory organs and thorax,,,https://id.who.int/icd/release/11/2025-01/mms/962893707,MD40.5,ICD-11 MMS Chapter 21 API,,2025-01
1785,"Abnormal microbiological findings in specimens from respiratory organs and thorax, unspecified","abnormal microbiological findings in specimens from respiratory organs and thorax, unspecified",,,https://id.who.int/icd/release/11/2025-01/mms/962893707/unspecified,MD40.5Z,ICD-11 MMS Chapter 21 API,,2025-01
1160,Abnormal micturition,abnormal micturition,,,https://id.who.int/icd/release/11/2025-01/mms/1007936831,MF50,ICD-11 MMS Chapter 21 API,,2025-01
1614,"Abnormal micturition, unspecified","abnormal micturition, unspecified",,,https://id.who.int/icd/release/11/2025-01/mms/1007936831/unspecified,MF50.Z,ICD-11 MMS Chapter 21 API,,2025-01
1296,Abnormal plasma viscosity,abnormal plasma viscosity,,,https://id.who.int/icd/release/11/2025-01/mms/196184703,MA1A.1,ICD-11 MMS Chapter 21 API,,2025-01
1386,Abnormal posture,abnormal posture,,,https://id.who.int/icd/release/11/2025-01/mms/589353628,MB47.1,ICD-11 MMS Chapter 21 API,,2025-01
1718,Abnormal reaction to tuberculin test,abnormal reaction to tuberculin test,,,https://id.who.int/icd/release/11/2025-01/mms/741356478,MA14.10,ICD-11 MMS Chapter 21 API,,2025-01
1385,Abnormal reflex,abnormal reflex,,,https://id.who.int/icd/release/11/2025-01/mms/1181425418,MB47.0,ICD-11 MMS Chapter 21 API,,2025-01
1249,Abnormal results of function studies of other organs and systems,abnormal results of function studies of other organs and systems,,,https://id.who.int/icd/release/11/2025-01/mms/1173437587,MG72,ICD-11 MMS Chapter 21 API,,2025-01
917,Abnormal results of other endocrine function studies,abnormal results of other endocrine function studies,,,https://id.who.int/icd/release/11/2025-01/mms/949496273,MA51,ICD-11 MMS Chapter 21 API,,2025-01
916,Abnormal results of thyroid function studies,abnormal results of thyroid function studies,,,https://id.who.int/icd/release/11/2025-01/mms/1574167621,MA50,ICD-11 MMS Chapter 21 API,,2025-01
1251,"Abnormal results, not elsewhere classified, unspecified","abnormal results, not elsewhere classified, unspecified",,,https://id.who.int/icd/release/11/2025-01/mms/964882431/unspecified,MG7Z,ICD-11 MMS Chapter 21 API,,2025-01
1555,Abnormal sensitivity to light or UV radiation of uncertain or unspecified nature,abnormal sensitivity to light or uv radiation of uncertain or unspecified nature,,,https://id.who.int/icd/release/11/2025-01/mms/654408969,ME66.0,ICD-11 MMS Chapter 21 API,,2025-01
904,Abnormal serum enzyme levels,abnormal serum enzyme levels,,,https://id.who.int/icd/release/11/2025-01/mms/1639558037,MA10,ICD-11 MMS Chapter 21 API,,2025-01
1095,Abnormal sputum,abnormal sputum,"This category includes the abnormalities of quantity, colour and odor in sputum which may suggest an aetiology. Patients with chronic bronchitis typically expectorate small quantities of mucoid yellow material. A foul or fetid odor should suggest infection from anaerobic organisms, usually in cases of lung abscess. Occasionally, greatly excessive amounts of sputum or ""bronchorrhoea"" is associated with bronchioloalveolar carcinoma.",,https://id.who.int/icd/release/11/2025-01/mms/51680510,MD10,ICD-11 MMS Chapter 21 API,,2025-01
1207,Abnormal urine levels of substances chiefly nonmedicinal as to source,abnormal urine levels of substances chiefly nonmedicinal as to source,,,https://id.who.int/icd/release/11/2025-01/mms/1783135925,MF9A,ICD-11 MMS Chapter 21 API,,2025-01
1096,Abnormalities of breathing,abnormalities of breathing,"Abnormalities of breathing includes dyspnoea, stridor, wheezing, periodic breathing, hyperventilation, mouth breathing, hiccough, sneezing, and other abnormalities of breathing.",,https://id.who.int/icd/release/11/2025-01/mms/208980208,MD11,ICD-11 MMS Chapter 21 API,,2025-01
1463,"Abnormalities of breathing, unspecified","abnormalities of breathing, unspecified",,,https://id.who.int/icd/release/11/2025-01/mms/208980208/unspecified,MD11.Z,ICD-11 MMS Chapter 21 API,,2025-01
1044,Abnormalities of gait or mobility,abnormalities of gait or mobility,"Abnormalities of gait or mobility include ataxic gait, paralytic gait, difficulty in walking, immobility, and other abnormalities of gait or mobility.",,https://id.who.int/icd/release/11/2025-01/mms/1543612222,MB44,ICD-11 MMS Chapter 21 API,,2025-01
1370,"Abnormalities of gait or mobility, unspecified","abnormalities of gait or mobility, unspecified",,,https://id.who.int/icd/release/11/2025-01/mms/1543612222/unspecified,MB44.Z,ICD-11 MMS Chapter 21 API,,2025-01
1086,Abnormalities of heart beat,abnormalities of heart beat,"Abnormalities of heart beat is arrhythmia which is any disorder of the heart rate or rhythm. It means that the heart beats too quickly, too slowly or with an irregular pattern.",,https://id.who.int/icd/release/11/2025-01/mms/449943282,MC81,ICD-11 MMS Chapter 21 API,,2025-01
1444,"Abnormalities of heart beat, unspecified","abnormalities of heart beat, unspecified",,,https://id.who.int/icd/release/11/2025-01/mms/449943282/unspecified,MC81.Z,ICD-11 MMS Chapter 21 API,,2025-01
1293,Abnormalities of other specified plasma proteins,abnormalities of other specified plasma proteins,,,https://id.who.int/icd/release/11/2025-01/mms/353696620/other,MA19.Y,ICD-11 MMS Chapter 21 API,,2025-01
1294,Abnormalities of unspecified plasma proteins,abnormalities of unspecified plasma proteins,,,https://id.who.int/icd/release/11/2025-01/mms/353696620/unspecified,MA19.Z,ICD-11 MMS Chapter 21 API,,2025-01
1115,Abnormalities related to hepatobiliary system,abnormalities related to hepatobiliary system,,,https://id.who.int/icd/release/11/2025-01/mms/1141287295,ME10,ICD-11 MMS Chapter 21 API,,2025-01
1290,Abnormality of albumin,abnormality of albumin,,,https://id.who.int/icd/release/11/2025-01/mms/1434662571,MA19.0,ICD-11 MMS Chapter 21 API,,2025-01
1291,Abnormality of alphafetoprotein,abnormality of alphafetoprotein,,,https://id.who.int/icd/release/11/2025-01/mms/1147513794,MA19.1,ICD-11 MMS Chapter 21 API,,2025-01
1292,Abnormality of globulin,abnormality of globulin,,,https://id.who.int/icd/release/11/2025-01/mms/818477887,MA19.2,ICD-11 MMS Chapter 21 API,,2025-01
1279,Abnormality of red blood cells,abnormality of red blood cells,,,https://id.who.int/icd/release/11/2025-01/mms/61973866,MA16.0,ICD-11 MMS Chapter 21 API,,2025-01
1735,"Abnormality of red blood cells, unspecified","abnormality of red blood cells, unspecified",,,https://id.who.int/icd/release/11/2025-01/mms/61973866/unspecified,MA16.0Z,ICD-11 MMS Chapter 21 API,,2025-01
1047,Abnormality of tonus or reflex,abnormality of tonus or reflex,,,https://id.who.int/icd/release/11/2025-01/mms/560509568,MB47,ICD-11 MMS Chapter 21 API,,2025-01
1399,"Abnormality of tonus or reflex, unspecified","abnormality of tonus or reflex, unspecified",,,https://id.who.int/icd/release/11/2025-01/mms/560509568/unspecified,MB47.Z,ICD-11 MMS Chapter 21 API,,2025-01
1280,Abnormality of white blood cells,abnormality of white blood cells,,,https://id.who.int/icd/release/11/2025-01/mms/1998386581,MA16.1,ICD-11 MMS Chapter 21 API,,2025-01
1738,"Abnormality of white blood cells, unspecified","abnormality of white blood cells, unspecified",,,https://id.who.int/icd/release/11/2025-01/mms/1998386581/unspecified,MA16.1Z,ICD-11 MMS Chapter 21 API,,2025-01
155,Abscess,abscess,,,,,Extracted from disease definitions (mentioned in 7 diseases),,2025-01
420,Abscesses In The Groin,abscesses in the groin,,,,,Extracted from disease definitions (mentioned in 1 diseases),,2025-01
1791,Absent bowel sounds,absent bowel sounds,,,https://id.who.int/icd/release/11/2025-01/mms/1833425233,ME03.1,ICD-11 MMS Chapter 21 API,,2025-01
1669,Abulia,abulia,"Abulia is state of poverty of behaviour and speech output, lack of initiative, loss of emotional responses, psychomotor slowing, and prolonged speech latency.",,https://id.who.int/icd/release/11/2025-01/mms/2129902504,MG43.2,ICD-11 MMS Chapter 21 API,,2025-01
46,Acaeruloplasminaemia,,"Aceruloplasminemia is an adult-onset disorder of neurodegeneration with brain iron accumulation (NBIA; see this term) characterised by anaemia, retinal degeneration, diabetes and various neurological symptoms.",,https://id.who.int/icd/entity/688027972,,WHO ICD-11 API,,2025-01
1407,Acalculia,acalculia,"Acalculia refers to the loss, usually in adulthood, of a previous ability to perform simple mathematical calculations that is inconsistent with general level of intellectual functioning and is acquired after the developmental period in individuals who had previously attained these skills, such as due to a stroke or other brain injury.",,https://id.who.int/icd/release/11/2025-01/mms/1954421964,MB4B.2,ICD-11 MMS Chapter 21 API,,2025-01
408,Accompanied By Fever,accompanied by fever,,,,,Extracted from disease definitions (mentioned in 1 diseases),,2025-01
1198,Acetonuria,acetonuria,Acetonuria is a medical condition in which acetone is present in the urine.,,https://id.who.int/icd/release/11/2025-01/mms/2075059166,MF90,ICD-11 MMS Chapter 21 API,,2025-01
614,Ache,ache,,,,,Extracted from disease definitions (mentioned in 1 diseases),,2025-01
657,Aching pain,aching pain,,,,,Curated symptom vocabulary,,2025-01
716,Acid reflux,acid reflux,,,,,Curated symptom vocabulary,,2025-01
310,Acne,acne,,,,,Extracted from disease definitions (mentioned in 1 diseases),,2025-01
308,Acne Conglobata,acne conglobata,,,,,Extracted from disease definitions (mentioned in 1 diseases),,2025-01
1356,Acroparaesthesia,acroparaesthesia,Severe pain in the extremities,,https://id.who.int/icd/release/11/2025-01/mms/257890715,MB40.7,ICD-11 MMS Chapter 21 API,,2025-01
628,Acute Fever,acute fever,,,,,Extracted from disease definitions (mentioned in 1 diseases),,2025-01
588,Acute Inflammation Of The Meninges Causing Headache,acute inflammation of the meninges causing headache,,,,,Extracted from disease definitions (mentioned in 1 diseases),,2025-01
276,Acute Onset Of Vomiting,acute onset of vomiting,,,,,Extracted from disease definitions (mentioned in 2 diseases),,2025-01
412,Acute Paralysis,acute paralysis,,,,,Extracted from disease definitions (mentioned in 1 diseases),,2025-01
550,Acute Severe Pain,acute severe pain,,,,,Extracted from disease definitions (mentioned in 1 diseases),,2025-01
1488,Acute abdomen,acute abdomen,"A clinical syndrome with acute abdominal pain that is severe, and rapid onset. Acute abdomen may be caused by a variety of disorders, injuries, or diseases",,https://id.who.int/icd/release/11/2025-01/mms/245796173,MD81.3,ICD-11 MMS Chapter 21 API,,2025-01
1536,Acute blistering skin eruption,acute blistering skin eruption,"A provisional diagnosis for an acute blistering skin eruption of unknown or uncertain nature. Examples include vesicular dermatitis of the hands and feet (pompholyx), acute phototoxic reactions, especially to contact with plants (phytophotodermatitis), sunburn and immunobullous disorders such as bullous pemphigoid.",,https://id.who.int/icd/release/11/2025-01/mms/1954443,ME62.6,ICD-11 MMS Chapter 21 API,,2025-01
1537,Acute desquamating skin eruption,acute desquamating skin eruption,A provisional diagnosis for a skin eruption of unknown or uncertain nature which arises abruptly and in which desquamation (shedding of skin scales) is a prominent feature. This is seen characteristically in the later stages of many acute viral exanthemata but may also be seen in drug reactions and in unstable and erythrodermic psoriasis.,,https://id.who.int/icd/release/11/2025-01/mms/317520014,ME62.7,ICD-11 MMS Chapter 21 API,,2025-01
1538,Acute discoid or annular skin eruption,acute discoid or annular skin eruption,"A provisional diagnosis for a skin eruption of unknown or uncertain nature which arises abruptly and consists of multiple circular or ring-shaped patches and plaques. Although infection due to dermatophyte infection (tinea or ringworm) can produce this pattern, many other skin disorders may have a discoid or annular configuration: these are frequently misdiagnosed as tinea. Common examples include atopic eczema, nummular dermatitis and psoriasis.",,https://id.who.int/icd/release/11/2025-01/mms/205263095,ME62.8,ICD-11 MMS Chapter 21 API,,2025-01
1530,Acute erythematous skin eruption,acute erythematous skin eruption,"A provisional diagnosis for a skin eruption of unknown or uncertain nature which arises abruptly and consists predominantly of diffuse cutaneous erythema. A classical cause is scarlet fever but reactions to other bacterial toxins, drugs and certain foods or acute graft-versus-host disease may present with a similar picture.",,https://id.who.int/icd/release/11/2025-01/mms/1906886516,ME62.0,ICD-11 MMS Chapter 21 API,,2025-01
1539,Acute excoriation of skin,acute excoriation of skin,"A provisional diagnosis for a skin eruption of unknown or uncertain nature which arises abruptly and consists of multiple excoriations. In the majority of cases the excoriation is secondary to intense pruritus arising either from an underlying systemic disorder such as cholestatic jaundice or from a pruritic skin disease such as eczema. In some cases, however, psychogenic factors may be responsible.",,https://id.who.int/icd/release/11/2025-01/mms/1764982361,ME62.9,ICD-11 MMS Chapter 21 API,,2025-01
1535,Acute exudative skin eruption,acute exudative skin eruption,"A provisional diagnosis for a skin eruption of unknown or uncertain nature which arises abruptly and in which exudation and crusting are prominent features. Common causes are infected eczema, acute allergic contact dermatitis and impetigo.",,https://id.who.int/icd/release/11/2025-01/mms/458739593,ME62.5,ICD-11 MMS Chapter 21 API,,2025-01
1811,"Acute gastrointestinal bleeding, not elsewhere classified","acute gastrointestinal bleeding, not elsewhere classified",,,https://id.who.int/icd/release/11/2025-01/mms/294460566,ME24.90,ICD-11 MMS Chapter 21 API,,2025-01
1884,"Acute headache, not elsewhere classified","acute headache, not elsewhere classified",,,https://id.who.int/icd/release/11/2025-01/mms/1068555332,MG31.1,ICD-11 MMS Chapter 21 API,,2025-01
1466,Acute idiopathic pulmonary haemorrhage in infants over 28 days of age,acute idiopathic pulmonary haemorrhage in infants over 28 days of age,,,https://id.who.int/icd/release/11/2025-01/mms/2102609238,MD24,ICD-11 MMS Chapter 21 API,,2025-01
1533,Acute maculopapular skin eruption,acute maculopapular skin eruption,A provisional diagnosis for a skin eruption of unknown or uncertain nature which arises abruptly and consists of multiple macules and papules. Viral infections and drugs are common precipitants.,,https://id.who.int/icd/release/11/2025-01/mms/1238846563,ME62.3,ICD-11 MMS Chapter 21 API,,2025-01
652,Acute pain,acute pain,,,,,Curated symptom vocabulary,,2025-01
1883,"Acute pain in the face, not elsewhere classified","acute pain in the face, not elsewhere classified",,,https://id.who.int/icd/release/11/2025-01/mms/1964077040,MG31.0,ICD-11 MMS Chapter 21 API,,2025-01
1887,"Acute pain, unspecified","acute pain, unspecified",,,https://id.who.int/icd/release/11/2025-01/mms/1404135736/unspecified,MG31.Z,ICD-11 MMS Chapter 21 API,,2025-01
1534,Acute papular skin eruption,acute papular skin eruption,"A provisional diagnosis for a skin eruption of unknown or uncertain nature which arises abruptly and consists of multiple skin papules. A wide variety of infectious and inflammatory skin disorders may present in this way. Examples include guttate psoriasis, lichen planus, pityriasis lichenoides, insect bites, scabies and secondary syphilis.",,https://id.who.int/icd/release/11/2025-01/mms/1173786143,ME62.4,ICD-11 MMS Chapter 21 API,,2025-01
1885,"Acute postoperative pain, not elsewhere classified","acute postoperative pain, not elsewhere classified",Pain at the intervention site or caused by an intervention.,,https://id.who.int/icd/release/11/2025-01/mms/1081968428,MG31.2,ICD-11 MMS Chapter 21 API,,2025-01
1531,Acute purpuric skin eruption,acute purpuric skin eruption,"A provisional diagnosis for a skin eruption of unknown or uncertain nature which arises abruptly and consists predominantly of disseminated purpura. Potential causes are numerous and include thrombocytopenia, coagulopathies, vasculitides and sepsis.",,https://id.who.int/icd/release/11/2025-01/mms/1585857185,ME62.1,ICD-11 MMS Chapter 21 API,,2025-01
1843,Acute scrotal pain,acute scrotal pain,,,https://id.who.int/icd/release/11/2025-01/mms/961335766,MF40.20,ICD-11 MMS Chapter 21 API,,2025-01
1125,Acute skin eruption of uncertain or unspecified nature,acute skin eruption of uncertain or unspecified nature,"A provisional diagnosis for an acute skin eruption of less than six weeks' duration of unknown, uncertain or unspecified nature.",,https://id.who.int/icd/release/11/2025-01/mms/408835699,ME62,ICD-11 MMS Chapter 21 API,,2025-01
1532,Acute urticarial skin eruption,acute urticarial skin eruption,A provisional diagnosis for a skin eruption of unknown or uncertain nature which arises abruptly and consists of urticaria-like papules and plaques. Drugs are a common precipitant.,,https://id.who.int/icd/release/11/2025-01/mms/179272822,ME62.2,ICD-11 MMS Chapter 21 API,,2025-01
633,Adenopathy,adenopathy,,,,,Extracted from disease definitions (mentioned in 1 diseases),,2025-01
925,Age-associated cognitive decline,age-associated cognitive decline,"A normative (non-pathological) deterioration of higher cortical functions such as thinking, reasoning, comprehension, calculation, learning, language, and judgment.",,https://id.who.int/icd/release/11/2025-01/mms/584231559,MB21.0,ICD-11 MMS Chapter 21 API,,2025-01
1217,Ageing associated decline in intrinsic capacity,ageing associated decline in intrinsic capacity,,,https://id.who.int/icd/release/11/2025-01/mms/835503193,MG2A,ICD-11 MMS Chapter 21 API,,2025-01
840,Ageusia,ageusia,,,,,Curated symptom vocabulary,,2025-01
151,Aggression,aggression,,,,,Extracted from disease definitions (mentioned in 7 diseases),,2025-01
944,Aggressive behaviour,aggressive behaviour,"Actions intended to threaten or hurt another person or to damage property that may be physical, verbal, or symbolic (e.g., acting against the other person's interests). Aggressive behaviour may be appropriate and self-protective, or inappropriate, hostile, and destructive.",,https://id.who.int/icd/release/11/2025-01/mms/501393848,MB23.0,ICD-11 MMS Chapter 21 API,,2025-01
166,Agitation,agitation,,,,,Extracted from disease definitions (mentioned in 6 diseases),,2025-01
1406,Agnosia,agnosia,"Agnosia refers to the inability to recognize objects, shapes, people, sounds, or smells, which occurs despite otherwise normal functioning of the specific sense and is not accounted for by memory impairment.",,https://id.who.int/icd/release/11/2025-01/mms/1315065296,MB4B.1,ICD-11 MMS Chapter 21 API,,2025-01
1408,Agraphia,agraphia,"Agraphia refers to the loss, usually in adulthood, of a previous ability to write that is inconsistent with general level of intellectual functioning and is acquired after the developmental period in individuals who had previously attained these skills, such as due to a stroke or other brain injury.",,https://id.who.int/icd/release/11/2025-01/mms/1372096058,MB4B.3,ICD-11 MMS Chapter 21 API,,2025-01
521,All Of The Features Of Dissociative Amnesia,all of the features of dissociative amnesia,,,,,Extracted from disease definitions (mentioned in 1 diseases),,2025-01
1351,Allodynia,allodynia,Pain due to a normally non-painful stimulus,,https://id.who.int/icd/release/11/2025-01/mms/1043938451,MB40.1,ICD-11 MMS Chapter 21 API,,2025-01
245,Alopecia,alopecia,,,,,Extracted from disease definitions (mentioned in 3 diseases),,2025-01
742,Altered consciousness,altered consciousness,,,,,Curated symptom vocabulary,,2025-01
841,Altered taste,altered taste,,,,,Curated symptom vocabulary,,2025-01
1756,Alternating hemiplegia,alternating hemiplegia,,,https://id.who.int/icd/release/11/2025-01/mms/774373615,MB53.0,ICD-11 MMS Chapter 21 API,,2025-01
574,Although Severe Haemorrhages,although severe haemorrhages,,,,,Extracted from disease definitions (mentioned in 1 diseases),,2025-01
969,Ambivalence,ambivalence,"Conflicting ideas, wishes, or feelings toward a person, thing or situation that are distressing and may create difficulties in making decisions.",,https://id.who.int/icd/release/11/2025-01/mms/51458534,MB24.0,ICD-11 MMS Chapter 21 API,,2025-01
872,Amenorrhoea,amenorrhoea,,,,,Curated symptom vocabulary,,2025-01
142,Amnesia,amnesia,,,,,Extracted from disease definitions (mentioned in 8 diseases),,2025-01
1309,"Amnesia, unspecified","amnesia, unspecified",,,https://id.who.int/icd/release/11/2025-01/mms/67207871/unspecified,MB21.1Z,ICD-11 MMS Chapter 21 API,,2025-01
600,An Acute Onset Of Flaccid Paralysis,an acute onset of flaccid paralysis,,,,,Extracted from disease definitions (mentioned in 1 diseases),,2025-01
407,An Acute Onset Of Small Volume Diarrhoea,an acute onset of small volume diarrhoea,,,,,Extracted from disease definitions (mentioned in 1 diseases),,2025-01
274,An Acute Sustained Fever,an acute sustained fever,,,,,Extracted from disease definitions (mentioned in 2 diseases),,2025-01
539,An Ictal Eeg Discharge,an ictal eeg discharge,,,,,Extracted from disease definitions (mentioned in 1 diseases),,2025-01
363,An Increased Responsiveness Of The Trachea,an increased responsiveness of the trachea,,,,,Extracted from disease definitions (mentioned in 1 diseases),,2025-01
425,An Infection Of The Lymph Nodes Leading To Swelling,an infection of the lymph nodes leading to swelling,,,,,Extracted from disease definitions (mentioned in 1 diseases),,2025-01
354,An Orthostatic Headache,an orthostatic headache,,,,,Extracted from disease definitions (mentioned in 1 diseases),,2025-01
1352,Anacusis,anacusis,,,https://id.who.int/icd/release/11/2025-01/mms/1154730210,MB40.2,ICD-11 MMS Chapter 21 API,,2025-01
89,Anaemia,anaemia,,,,,Extracted from disease definitions (mentioned in 28 diseases),,2025-01
306,Anaemia Of Variable Severity,anaemia of variable severity,,,,,Extracted from disease definitions (mentioned in 1 diseases),,2025-01
897,Anaemia symptoms,anaemia symptoms,,,,,Curated symptom vocabulary,,2025-01
1353,Anaesthesia of skin,anaesthesia of skin,"Partial or complete loss of sensation affecting the skin, most commonly affecting a circumscribed area and resulting from sensory nerve damage as from injury or leprosy.",,https://id.who.int/icd/release/11/2025-01/mms/1049159712,MB40.3,ICD-11 MMS Chapter 21 API,,2025-01
734,Anal pain,anal pain,,,,,Curated symptom vocabulary,,2025-01
1357,Analgesia,analgesia,,,https://id.who.int/icd/release/11/2025-01/mms/1314811790,MB40.8,ICD-11 MMS Chapter 21 API,,2025-01
1742,Anarthria,anarthria,,,https://id.who.int/icd/release/11/2025-01/mms/962553582,MA80.20,ICD-11 MMS Chapter 21 API,,2025-01
970,Anger,anger,An emotional state related to one's psychological interpretation of having been threatened that may range in intensity from mild irritation to intense fury and rage.,,https://id.who.int/icd/release/11/2025-01/mms/1552396120,MB24.1,ICD-11 MMS Chapter 21 API,,2025-01
502,Angular Stomatitis,angular stomatitis,,,,,Extracted from disease definitions (mentioned in 1 diseases),,2025-01
971,Anhedonia,anhedonia,Inability to experience pleasure from normally pleasurable activities.,,https://id.who.int/icd/release/11/2025-01/mms/1206818866,MB24.2,ICD-11 MMS Chapter 21 API,,2025-01
1868,Ankle oedema,ankle oedema,,,https://id.who.int/icd/release/11/2025-01/mms/2061373715,MG29.00,ICD-11 MMS Chapter 21 API,,2025-01
674,Ankle pain,ankle pain,,,,,Curated symptom vocabulary,,2025-01
687,Ankle swelling,ankle swelling,,,,,Curated symptom vocabulary,,2025-01
1409,Anomia,anomia,"Acquired difficulty in retrieving previously used vocabulary, particularly nouns and verbs.",,https://id.who.int/icd/release/11/2025-01/mms/730186299,MB4B.4,ICD-11 MMS Chapter 21 API,,2025-01
128,Anorexia,anorexia,,,,,Extracted from disease definitions (mentioned in 12 diseases),,2025-01
356,Anosmia,anosmia,,,,,Extracted from disease definitions (mentioned in 1 diseases),,2025-01
926,Anosognosia,anosognosia,"A lack of awareness or failure to recognize one's own illness, symptoms, or functional deficits, considered to be an aspect of the illness.",,https://id.who.int/icd/release/11/2025-01/mms/833222383,MB21.2,ICD-11 MMS Chapter 21 API,,2025-01
1305,Anterograde amnesia,anterograde amnesia,"An inability to recall past experiences, especially where recall is to be expected, occurring after an event (psychological or physical) presumed to be responsible for the amnesia.",,https://id.who.int/icd/release/11/2025-01/mms/661071789,MB21.10,ICD-11 MMS Chapter 21 API,,2025-01
1195,Anti-glomerular basement membrane antibody mediated disease,anti-glomerular basement membrane antibody mediated disease,"Anti-GBM mediated glomerulonephritis is an aggressive focal and segmental proliferative glomerular disease characterised by linear staining of the glomerular basement membrane for immunoglobulins, particularly IgG and IgM. Crescentic change is often associated and circulating anti-bodies to glomerular basement membrane are found in active disease. The renal syndrome is often acute nephritis with rapid renal functional decline (rapidly progressive nephritis) and if associated with respiratory involvement (haemoptysis, respiratory failure) the couple is termed “Goodpasture's syndrome”.",,https://id.who.int/icd/release/11/2025-01/mms/591736785,MF85,ICD-11 MMS Chapter 21 API,,2025-01
945,Antisocial behaviour,antisocial behaviour,"Behaviour in which the basic rights of others or major age-appropriate societal norms, rules, or laws, are violated.",,https://id.who.int/icd/release/11/2025-01/mms/2004913297,MB23.1,ICD-11 MMS Chapter 21 API,,2025-01
855,Anuria,anuria,,,,,Curated symptom vocabulary,,2025-01
1161,Anuria or oliguria,anuria or oliguria,"Anuria means nonpassage of urine, in practice is defined as passage of less than 50 millilitres of urine in a day. Oliguria is the low output of urine. It is clinically classified as an output below 300-500ml/day.",,https://id.who.int/icd/release/11/2025-01/mms/438465102,MF51,ICD-11 MMS Chapter 21 API,,2025-01
94,Anxiety,anxiety,,,,,Extracted from disease definitions (mentioned in 26 diseases),,2025-01
326,Anxiety About Separation From Specific Attachment Figures,anxiety about separation from specific attachment figures,,,,,Extracted from disease definitions (mentioned in 1 diseases),,2025-01
325,Anxiety That Consistently Occurs In One,anxiety that consistently occurs in one,,,,,Extracted from disease definitions (mentioned in 1 diseases),,2025-01
972,Apathy,apathy,"A reduction or lack of feeling, emotion, interest, or concern; a state of indifference.",,https://id.who.int/icd/release/11/2025-01/mms/209677240,MB24.4,ICD-11 MMS Chapter 21 API,,2025-01
536,Aphasia,aphasia,,,,,Extracted from disease definitions (mentioned in 1 diseases),,2025-01
1300,Aphonia,aphonia,"Aphonia is the inability to produce voice. It is considered more severe than dysphonia. Like dysphonia, aphonia can be caused by voice strain or overuse, injury, by structural laryngeal anomalies or by dystonic neurological disorders.",,https://id.who.int/icd/release/11/2025-01/mms/1385858385,MA82.0,ICD-11 MMS Chapter 21 API,,2025-01
108,Apnoea,apnoea,,,,,Extracted from disease definitions (mentioned in 17 diseases),,2025-01
1050,Apraxia,apraxia,,,https://id.who.int/icd/release/11/2025-01/mms/986651951,MB4A,ICD-11 MMS Chapter 21 API,,2025-01
762,Areflexia,areflexia,,,,,Curated symptom vocabulary,,2025-01
667,Arm pain,arm pain,,,,,Curated symptom vocabulary,,2025-01
358,Arteriovenous Fistulas,arteriovenous fistulas,,,,,Extracted from disease definitions (mentioned in 1 diseases),,2025-01
116,Arthralgia,arthralgia,,,,,Extracted from disease definitions (mentioned in 16 diseases),,2025-01
349,As Pain Of Neuropathic,as pain of neuropathic,,,,,Extracted from disease definitions (mentioned in 1 diseases),,2025-01
212,Ascites,ascites,,,,,Extracted from disease definitions (mentioned in 4 diseases),,2025-01
1795,"Ascites, unspecified","ascites, unspecified",,,https://id.who.int/icd/release/11/2025-01/mms/1133729855/unspecified,ME04.Z,ICD-11 MMS Chapter 21 API,,2025-01
1350,Asomatognosia,asomatognosia,,,https://id.who.int/icd/release/11/2025-01/mms/615692343,MB40.0,ICD-11 MMS Chapter 21 API,,2025-01
1454,Asphyxia,asphyxia,Asphyxia is a life-threatening condition in which oxygen is prevented from reaching the tissues by obstruction of or damage to any part of the respiratory system. More generally the term indicates all the conditions generating impaired or impeded breathing.,,https://id.who.int/icd/release/11/2025-01/mms/2008663041,MD11.1,ICD-11 MMS Chapter 21 API,,2025-01
1377,Asterixis,asterixis,,,https://id.who.int/icd/release/11/2025-01/mms/343686120,MB46.0,ICD-11 MMS Chapter 21 API,,2025-01
1447,Asystolic cardiac arrest,asystolic cardiac arrest,Absence of electrical activity of the heart resulting in hemodynamic collapse.,,https://id.who.int/icd/release/11/2025-01/mms/1903057237,MC82.2,ICD-11 MMS Chapter 21 API,,2025-01
101,Ataxia,ataxia,,,,,Extracted from disease definitions (mentioned in 21 diseases),,2025-01
1371,"Ataxia, unspecified","ataxia, unspecified",,,https://id.who.int/icd/release/11/2025-01/mms/99719518,MB45.0,ICD-11 MMS Chapter 21 API,,2025-01
1455,Ataxic breathing,ataxic breathing,An irregular breathing pattern that usually progresses to complete apnoea.,,https://id.who.int/icd/release/11/2025-01/mms/1942458143,MD11.2,ICD-11 MMS Chapter 21 API,,2025-01
1365,Ataxic gait,ataxic gait,,,https://id.who.int/icd/release/11/2025-01/mms/420041183,MB44.0,ICD-11 MMS Chapter 21 API,,2025-01
1379,Athetosis,athetosis,Twisting and writhing movements,,https://id.who.int/icd/release/11/2025-01/mms/1038838282,MB46.2,ICD-11 MMS Chapter 21 API,,2025-01
1373,Atonia,atonia,Loss of muscle tone,,https://id.who.int/icd/release/11/2025-01/mms/396345176,MB45.2,ICD-11 MMS Chapter 21 API,,2025-01
47,Atransferrinaemia,,"Congenital atransferrinaemia is a constitutional anaemia due to abnormal synthesis of transferrin, a plasma protein that transports iron through the blood. Severe microcytic hypochromic anaemia, growth retardation and recurrent infections are the first clinical signs of the disease. Iron overload occurs mainly in the liver, heart, pancreas, thyroid, kidney and bone joints, leading to mild to severe symptoms of liver and heart failure, arthropathy and hypothyroidism.",,https://id.who.int/icd/entity/1897167257,,WHO ICD-11 API,,2025-01
235,Atrophy,atrophy,,,,,Extracted from disease definitions (mentioned in 3 diseases),,2025-01
1010,Attention seeking,attention seeking,A tendency to engage in behaviour designed to attract notice and to make oneself the focus of others’ attention.,,https://id.who.int/icd/release/11/2025-01/mms/1323057339,MB28.0,ICD-11 MMS Chapter 21 API,,2025-01
626,Atypical Chest Discomfort,atypical chest discomfort,,,,,Extracted from disease definitions (mentioned in 1 diseases),,2025-01
293,Auditory hallucinations,auditory hallucinations,,,,,Extracted from disease definitions (mentioned in 2 diseases),,2025-01
1049,Aura,aura,Reversible visual and/or sensory symptoms prior to a seizure (few seconds) or migraine with aura (20 minutes),,https://id.who.int/icd/release/11/2025-01/mms/1191288441,MB49,ICD-11 MMS Chapter 21 API,,2025-01
1372,Automatism,automatism,"Repetitive unconscious gestures such as lip smacking, chewing or swallowing",,https://id.who.int/icd/release/11/2025-01/mms/502784164,MB45.1,ICD-11 MMS Chapter 21 API,,2025-01
946,Avoidance behaviour,avoidance behaviour,"The act of keeping away from circumstances, situations, or stimuli that cause anxiety or other negative emotions in the individual.",,https://id.who.int/icd/release/11/2025-01/mms/1521194458,MB23.2,ICD-11 MMS Chapter 21 API,,2025-01
1030,Avoidant or restrictive eating,avoidant or restrictive eating,"Acceptance of only a limited diet, which may be defined in terms of a specific dietary composition or sensory features of food, that is inconsistent with cultural or subcultural norms.",,https://id.who.int/icd/release/11/2025-01/mms/1517485083,MB29.0,ICD-11 MMS Chapter 21 API,,2025-01
936,Avolition,avolition,"A general lack of drive, or lack of motivation to pursue meaningful goals (e.g., as evidenced by limited participation in work, school, or socializing with others).",,https://id.who.int/icd/release/11/2025-01/mms/564332684,MB22.0,ICD-11 MMS Chapter 21 API,,2025-01
215,Awakening With Dyspnoea,awakening with dyspnoea,,,,,Extracted from disease definitions (mentioned in 4 diseases),,2025-01
599,Back,back,,,,,Extracted from disease definitions (mentioned in 1 diseases),,2025-01
163,Back pain,back pain,,,,,Extracted from disease definitions (mentioned in 6 diseases),,2025-01
784,Back stiffness,back stiffness,,,,,Curated symptom vocabulary,,2025-01
1826,Back syndrome with radiating pain,back syndrome with radiating pain,,,https://id.who.int/icd/release/11/2025-01/mms/820259670,ME86.21,ICD-11 MMS Chapter 21 API,,2025-01
1825,Back syndrome without radiating pain,back syndrome without radiating pain,,,https://id.who.int/icd/release/11/2025-01/mms/727435208,ME86.20,ICD-11 MMS Chapter 21 API,,2025-01
1276,Bacteraemia,bacteraemia,"The presence of bacteria in the blood. This can be detected, for example, by a positive blood culture.",,https://id.who.int/icd/release/11/2025-01/mms/770483821,MA15.0,ICD-11 MMS Chapter 21 API,,2025-01
756,Balance problems,balance problems,,,,,Curated symptom vocabulary,,2025-01
62,Bandaemia,,An excess of immature white blood cells in the blood which signifies an infection or inflammation.,,https://id.who.int/icd/entity/2040370352,,WHO ICD-11 API,,2025-01
527,Bedtime Anxiety Fear Of Sleep,bedtime anxiety fear of sleep,,,,,Extracted from disease definitions (mentioned in 1 diseases),,2025-01
865,Bedwetting,bedwetting,,,,,Curated symptom vocabulary,,2025-01
530,Behaviour,behaviour,,,,,Extracted from disease definitions (mentioned in 1 diseases),,2025-01
118,Behavioural,behavioural,,,,,Extracted from disease definitions (mentioned in 15 diseases),,2025-01
773,Behavioural change,behavioural change,,,,,Curated symptom vocabulary,,2025-01
721,Belching,belching,,,,,Curated symptom vocabulary,,2025-01
1624,Bence Jones proteinuria,bence jones proteinuria,A condition characterised by the presence of a monoclonal globulin protein or immunoglobulin light chain (Bence Jones protein) in the urine. Originally detected by precipitating at 56 and dissolving again at 100 degrees centigrade (Henry Bence Jones 1813-1873) they are now detected by urinary electrophoresis or light chain assay.,,https://id.who.int/icd/release/11/2025-01/mms/696187905,MF96.1,ICD-11 MMS Chapter 21 API,,2025-01
1451,Benign or innocent cardiac murmurs,benign or innocent cardiac murmurs,,,https://id.who.int/icd/release/11/2025-01/mms/38037245,MC83.0,ICD-11 MMS Chapter 21 API,,2025-01
7,Beta thalassaemia associated with other haemoglobin anomaly,,"Beta-thalassemias associated with haemoglobin (Hb) anomalies result in a variable clinical spectrum, ranging from asymptomatic to severe, depending on the severity of the thalassemia mutation and on the type of the Hb anomaly [hereditary persistence of fetal Hb, delta-beta-thalassemia, Hb C - beta-thalassemia, Hb E - beta-thalassemia and Hb S - beta-thalassemia].",,https://id.who.int/icd/entity/2056576450,,WHO ICD-11 API,,2025-01
1199,Bilirubinuria,bilirubinuria,Bilirubinuria means the presence of any bile pigment in the urine.,,https://id.who.int/icd/release/11/2025-01/mms/1829486048,MF91,ICD-11 MMS Chapter 21 API,,2025-01
1031,Binge eating,binge eating,An episode in which an individual eats notably more than usual and feels that she or he is unable to stop or limit the amount or type of food eaten.,,https://id.who.int/icd/release/11/2025-01/mms/1535148777,MB29.1,ICD-11 MMS Chapter 21 API,,2025-01
1143,"Biomechanical lesions, not elsewhere classified","biomechanical lesions, not elsewhere classified",,,https://id.who.int/icd/release/11/2025-01/mms/1344162278,ME93,ICD-11 MMS Chapter 21 API,,2025-01
1600,"Biomechanical lesions, unspecified","biomechanical lesions, unspecified",,,https://id.who.int/icd/release/11/2025-01/mms/1344162278/unspecified,ME93.Z,ICD-11 MMS Chapter 21 API,,2025-01
1322,Bizarre delusion,bizarre delusion,A delusion that involves a phenomenon that would be regarded as physically impossible within the person's cultural context.,,https://id.who.int/icd/release/11/2025-01/mms/1466049255,MB26.00,ICD-11 MMS Chapter 21 API,,2025-01
691,Blackout,blackout,,,,,Curated symptom vocabulary,,2025-01
1162,Bladder pain,bladder pain,"Complaint of suprapubic or retropubic pain, pressure, or discomfort, related to the bladder, and usually increasing with bladder filling. It may persist or be relieved after voiding.",,https://id.who.int/icd/release/11/2025-01/mms/615316952,MF52,ICD-11 MMS Chapter 21 API,,2025-01
13,Blastic plasmacytoid dendritic cell neoplasm,,"Blastic plasmacytoid dendritic cell neoplasm (BPDCN) is a clinically aggressive tumour derived from the precursors of plasmacytoid dendritic cells (PDCs, also called professional type I interferon–producing cells or plasmacytoid monocytes), with a high frequency of cutaneous and bone marrow involvement and leukaemic dissemination.

There are currently no clues to the etiology of BPDCN, but its association with myelodysplastic syndrome (MDS) in some cases may suggest a related pathogenesis. Gene expression profiling studies have revealed that the neoplastic cells show a gene expression signature similar to that of resting normal PDCs and closer to that of myeloid than of lymphoid precursors.",,https://id.who.int/icd/entity/783045723,,WHO ICD-11 API,,2025-01
85,Bleeding,bleeding,,,,,Extracted from disease definitions (mentioned in 42 diseases),,2025-01
378,Bleeding Between Menstruation,bleeding between menstruation,,,,,Extracted from disease definitions (mentioned in 1 diseases),,2025-01
402,Bleeding From The Lung,bleeding from the lung,,,,,Extracted from disease definitions (mentioned in 1 diseases),,2025-01
397,Bleeding From The Umbilical Cord Stump Of A Newborn,bleeding from the umbilical cord stump of a newborn,,,,,Extracted from disease definitions (mentioned in 1 diseases),,2025-01
258,Bleeding Gums,bleeding gums,,,,,Extracted from disease definitions (mentioned in 2 diseases),,2025-01
398,Bleeding In A Newborn,bleeding in a newborn,,,,,Extracted from disease definitions (mentioned in 1 diseases),,2025-01
472,Bleeding Problems,bleeding problems,,,,,Extracted from disease definitions (mentioned in 1 diseases),,2025-01
11,Bleeding diathesis due to a collagen receptor defect,,"This is an unusual susceptibility to bleeding (haemorrhage) mostly due to hypocoagulability, in turn caused by a coagulopathy (a defect in the system of coagulation). This diagnosis is due to a collagen receptor defect.",,https://id.who.int/icd/entity/2048197131,,WHO ICD-11 API,,2025-01
28,Bleeding diathesis due to glycoprotein VI deficiency,,"This is an unusual susceptibility to bleeding (haemorrhage) mostly due to hypocoagulability, in turn caused by a coagulopathy (a defect in the system of coagulation). This diagnosis is due to a deficiency in the glycoprotein receptor for collagen which is expressed in platelets.",,https://id.who.int/icd/entity/1940796688,,WHO ICD-11 API,,2025-01
29,Bleeding diathesis due to integrin alpha2-beta1 deficiency,,"This is an unusual susceptibility to bleeding (haemorrhage) mostly due to hypocoagulability, in turn caused by a coagulopathy (a defect in the system of coagulation). This diagnosis is due to a deficiency in the transmembrane receptors that mediate the attachment between a cell and the tissues that surround it, such as other cells or the extracellular matrix (ECM).",,https://id.who.int/icd/entity/1508140529,,WHO ICD-11 API,,2025-01
453,Blepharoconjunctivitis,blepharoconjunctivitis,,,,,Extracted from disease definitions (mentioned in 1 diseases),,2025-01
199,Blisters,blisters,,,,,Extracted from disease definitions (mentioned in 4 diseases),,2025-01
719,Bloating,bloating,,,,,Curated symptom vocabulary,,2025-01
829,Blocked ears,blocked ears,,,,,Curated symptom vocabulary,,2025-01
727,Blood in stool,blood in stool,,,,,Curated symptom vocabulary,,2025-01
858,Blood in urine,blood in urine,,,,,Curated symptom vocabulary,,2025-01
725,Bloody stools,bloody stools,,,,,Curated symptom vocabulary,,2025-01
1311,Blunted affect,blunted affect,"A severe reduction in the expressive range and intensity of affect, but less than is observed in Flat affect.",,https://id.who.int/icd/release/11/2025-01/mms/1243987221,MB24.61,ICD-11 MMS Chapter 21 API,,2025-01
208,Blurred vision,blurred vision,,,,,Extracted from disease definitions (mentioned in 4 diseases),,2025-01
165,Body Aches,body aches,,,,,Extracted from disease definitions (mentioned in 6 diseases),,2025-01
635,Bone Marrow,bone marrow,,,,,Extracted from disease definitions (mentioned in 1 diseases),,2025-01
900,Bone marrow pain,bone marrow pain,,,,,Curated symptom vocabulary,,2025-01
426,Bone pain,bone pain,,,,,Extracted from disease definitions (mentioned in 1 diseases),,2025-01
782,Bone swelling,bone swelling,,,,,Curated symptom vocabulary,,2025-01
783,Bone tenderness,bone tenderness,,,,,Curated symptom vocabulary,,2025-01
1589,Bony erosion,bony erosion,,,https://id.who.int/icd/release/11/2025-01/mms/1706598783,ME92.1,ICD-11 MMS Chapter 21 API,,2025-01
516,Both Anxiety,both anxiety,,,,,Extracted from disease definitions (mentioned in 1 diseases),,2025-01
432,Both Eyes Will Be Red With A Sticky Discharge,both eyes will be red with a sticky discharge,,,,,Extracted from disease definitions (mentioned in 1 diseases),,2025-01
694,Bounding pulse,bounding pulse,,,,,Curated symptom vocabulary,,2025-01
730,Bowel incontinence,bowel incontinence,,,,,Curated symptom vocabulary,,2025-01
253,Bradycardia,bradycardia,,,,,Extracted from disease definitions (mentioned in 3 diseases),,2025-01
1440,"Bradycardia, unspecified","bradycardia, unspecified",,,https://id.who.int/icd/release/11/2025-01/mms/2079810536,MC81.1,ICD-11 MMS Chapter 21 API,,2025-01
1446,Bradycardic cardiac arrest,bradycardic cardiac arrest,Slow escape rhythm associated with hemodynamic collapse.,,https://id.who.int/icd/release/11/2025-01/mms/1782916831,MC82.1,ICD-11 MMS Chapter 21 API,,2025-01
233,Bradykinesia,bradykinesia,,,,,Extracted from disease definitions (mentioned in 3 diseases),,2025-01
947,Bradyphrenia,bradyphrenia,Slowness of thoughts or fatigability of initiative,,https://id.who.int/icd/release/11/2025-01/mms/1460125105,MB23.3,ICD-11 MMS Chapter 21 API,,2025-01
708,Bradypnoea,bradypnoea,,,,,Curated symptom vocabulary,,2025-01
884,Breast lump,breast lump,,,,,Curated symptom vocabulary,,2025-01
1145,Breast lump or mass female,breast lump or mass female,,,https://id.who.int/icd/release/11/2025-01/mms/961359349,MF30,ICD-11 MMS Chapter 21 API,,2025-01
1146,Breast or lactation symptom or complaint,breast or lactation symptom or complaint,,,https://id.who.int/icd/release/11/2025-01/mms/349281581,MF31,ICD-11 MMS Chapter 21 API,,2025-01
880,Breast pain,breast pain,,,,,Curated symptom vocabulary,,2025-01
881,Breast tenderness,breast tenderness,,,,,Curated symptom vocabulary,,2025-01
1456,Breath holding,breath holding,,,https://id.who.int/icd/release/11/2025-01/mms/1569331933,MD11.3,ICD-11 MMS Chapter 21 API,,2025-01
311,Breathing,breathing,,,,,Extracted from disease definitions (mentioned in 1 diseases),,2025-01
364,Breathlessness,breathlessness,,,,,Extracted from disease definitions (mentioned in 1 diseases),,2025-01
132,Bruising,bruising,,,,,Extracted from disease definitions (mentioned in 10 diseases),,2025-01
892,Buffalo hump,buffalo hump,,,,,Curated symptom vocabulary,,2025-01
549,Bulbar Weakness Such As Dysarthria,bulbar weakness such as dysarthria,,,,,Extracted from disease definitions (mentioned in 1 diseases),,2025-01
1549,Burning of skin,burning of skin,A burning sensation in the skin which usually arises without obvious explanation.,,https://id.who.int/icd/release/11/2025-01/mms/577499518,ME65.0,ICD-11 MMS Chapter 21 API,,2025-01
857,Burning on urination,burning on urination,,,,,Curated symptom vocabulary,,2025-01
654,Burning pain,burning pain,,,,,Curated symptom vocabulary,,2025-01
300,But Photophobia,but photophobia,,,,,Extracted from disease definitions (mentioned in 2 diseases),,2025-01
581,By Fever,by fever,,,,,Extracted from disease definitions (mentioned in 1 diseases),,2025-01
641,Cachexia,cachexia,,,,,Curated symptom vocabulary,,2025-01
1637,"Cachexia, unspecified","cachexia, unspecified",,,https://id.who.int/icd/release/11/2025-01/mms/914154382/unspecified,MG20.Z,ICD-11 MMS Chapter 21 API,,2025-01
1011,Callousness,callousness,Lack of concern for the feelings or problems of others; a lack of guilt or remorse about the negative or harmful effects of one's actions on others.,,https://id.who.int/icd/release/11/2025-01/mms/1959115821,MB28.1,ICD-11 MMS Chapter 21 API,,2025-01
1947,Carbapenem-resistant Pseudomonas aeruginosa,carbapenem-resistant pseudomonas aeruginosa,,,https://id.who.int/icd/release/11/2025-01/mms/2104583029,MG50.80,ICD-11 MMS Chapter 21 API,,2025-01
1087,Cardiac arrest,cardiac arrest,"A sudden, sometimes temporary, cessation of heart function resulting in hemodynamic collapse.",,https://id.who.int/icd/release/11/2025-01/mms/395422191,MC82,ICD-11 MMS Chapter 21 API,,2025-01
1448,Cardiac arrest with pulseless electrical activity,cardiac arrest with pulseless electrical activity,Electrical activation of the heart without mechanical activation resulting in hemodynamic collapse.,,https://id.who.int/icd/release/11/2025-01/mms/547109156,MC82.3,ICD-11 MMS Chapter 21 API,,2025-01
1450,"Cardiac arrest, unspecified","cardiac arrest, unspecified",,,https://id.who.int/icd/release/11/2025-01/mms/395422191/unspecified,MC82.Z,ICD-11 MMS Chapter 21 API,,2025-01
1088,Cardiac murmurs or other cardiac sounds,cardiac murmurs or other cardiac sounds,"Cardiac murmurs are blowing, whooshing, or rasping sounds heard during a heartbeat. Other cardiac sounds are sounds heard from heart other than cardiac murmurs.",,https://id.who.int/icd/release/11/2025-01/mms/2140822372,MC83,ICD-11 MMS Chapter 21 API,,2025-01
1453,"Cardiac murmurs or sounds, unspecified","cardiac murmurs or sounds, unspecified",,,https://id.who.int/icd/release/11/2025-01/mms/2140822372/unspecified,MC83.Z,ICD-11 MMS Chapter 21 API,,2025-01
1681,Cardiac syncope,cardiac syncope,,,https://id.who.int/icd/release/11/2025-01/mms/433311545,MG45.0,ICD-11 MMS Chapter 21 API,,2025-01
1664,Cardiogenic shock,cardiogenic shock,,,https://id.who.int/icd/release/11/2025-01/mms/1974956233,MG40.0,ICD-11 MMS Chapter 21 API,,2025-01
1449,Cardiopulmonary arrest,cardiopulmonary arrest,,,https://id.who.int/icd/release/11/2025-01/mms/2121132007,MC82.4,ICD-11 MMS Chapter 21 API,,2025-01
625,Cardiovascular Collapse,cardiovascular collapse,,,,,Extracted from disease definitions (mentioned in 1 diseases),,2025-01
1089,Cardiovascular pain,cardiovascular pain,,,https://id.who.int/icd/release/11/2025-01/mms/1092998509,MC84,ICD-11 MMS Chapter 21 API,,2025-01
303,Cellulitis,cellulitis,,,,,Extracted from disease definitions (mentioned in 2 diseases),,2025-01
699,Central cyanosis,central cyanosis,,,,,Curated symptom vocabulary,,2025-01
554,Cerebellar Ataxia,cerebellar ataxia,,,,,Extracted from disease definitions (mentioned in 1 diseases),,2025-01
913,Certain abnormalities of plasma proteins,certain abnormalities of plasma proteins,,,https://id.who.int/icd/release/11/2025-01/mms/353696620,MA19,ICD-11 MMS Chapter 21 API,,2025-01
912,Certain clinical findings of blood chemistry,certain clinical findings of blood chemistry,,,https://id.who.int/icd/release/11/2025-01/mms/221651900,MA18,ICD-11 MMS Chapter 21 API,,2025-01
1274,Certain specified immunological findings,certain specified immunological findings,,,https://id.who.int/icd/release/11/2025-01/mms/1885288190,MA14.1,ICD-11 MMS Chapter 21 API,,2025-01
1565,Cervical spine pain,cervical spine pain,This is a condition which is usually characterised by pain or discomfort in the neck region and can be caused by numerous spinal problems. It may be a feature of virtually every disorder and disease that occurs above the shoulder blades.,,https://id.who.int/icd/release/11/2025-01/mms/534629524,ME84.0,ICD-11 MMS Chapter 21 API,,2025-01
735,Change in bowel habit,change in bowel habit,,,,,Curated symptom vocabulary,,2025-01
1797,"Change in bowel habit, unspecified","change in bowel habit, unspecified",,,https://id.who.int/icd/release/11/2025-01/mms/1625302107/unspecified,ME05.Z,ICD-11 MMS Chapter 21 API,,2025-01
1556,Changes in skin texture,changes in skin texture,Alterations in skin texture of unspecified cause.,,https://id.who.int/icd/release/11/2025-01/mms/944540491,ME66.1,ICD-11 MMS Chapter 21 API,,2025-01
457,Chest Pains,chest pains,,,,,Extracted from disease definitions (mentioned in 1 diseases),,2025-01
627,Chest discomfort,chest discomfort,,,,,Extracted from disease definitions (mentioned in 1 diseases),,2025-01
119,Chest pain,chest pain,,,,,Extracted from disease definitions (mentioned in 15 diseases),,2025-01
1468,Chest pain on breathing,chest pain on breathing,"Pleuritic chest pain is a type of pain that is caused by problems with the thin layers of tissue that surround the lungs (called the “pleura”). This type of pain feels like a sharp, stabbing chest pain, and it gets worse when you breathe in. Pleuritic chest pain can be caused by the following problems: pneumothorax, pleural effusion, pleuritis, empyema, pericarditis.",,https://id.who.int/icd/release/11/2025-01/mms/1083052714,MD30.0,ICD-11 MMS Chapter 21 API,,2025-01
1470,"Chest pain, unspecified","chest pain, unspecified",,,https://id.who.int/icd/release/11/2025-01/mms/1765737830/unspecified,MD30.Z,ICD-11 MMS Chapter 21 API,,2025-01
663,Chest pressure,chest pressure,,,,,Curated symptom vocabulary,,2025-01
238,Chest tightness,chest tightness,,,,,Extracted from disease definitions (mentioned in 3 diseases),,2025-01
98,Chills,chills,,,,,Extracted from disease definitions (mentioned in 22 diseases),,2025-01
140,Chorea,chorea,,,,,Extracted from disease definitions (mentioned in 9 diseases),,2025-01
67,Choreoacanthocytosis,,"Chorea-acanthocytosis is a form of neuroacanthocytosis and is characterized clinically by a Huntington disease-like phenotype with progressive neurological symptoms including movement disorders, psychiatric manifestations and cognitive disturbances. These patients often exhibit feeding dystonia. The red cell chorein is absent and a mutation is CHAC gene is often responsible. CK (Creatine kinase) is often raised and patients may have neuropathy.",,https://id.who.int/icd/entity/278069977,,WHO ICD-11 API,,2025-01
319,Chronic Fatigue,chronic fatigue,,,,,Extracted from disease definitions (mentioned in 1 diseases),,2025-01
313,Chronic Hyperglycaemia,chronic hyperglycaemia,,,,,Extracted from disease definitions (mentioned in 1 diseases),,2025-01
1544,Chronic blistering skin disorder,chronic blistering skin disorder,"A provisional diagnosis for a chronic blistering skin disorder of unknown or uncertain nature. Examples include chronic vesicular dermatitis of the hands and feet, epidermolysis bullosa and immunobullous disorders such as bullous pemphigoid.",,https://id.who.int/icd/release/11/2025-01/mms/2061271525,ME63.3,ICD-11 MMS Chapter 21 API,,2025-01
1994,Chronic cancer pain,chronic cancer pain,"Chronic cancer pain is chronic pain caused by the primary cancer or metastases. It should be highly probable that the pain is due to cancer; if its genesis is vague, consider using codes in the section of chronic primary pain.",,https://id.who.int/icd/release/11/2025-01/mms/322466810,MG30.10,ICD-11 MMS Chapter 21 API,,2025-01
1875,Chronic cancer related pain,chronic cancer related pain,"Chronic cancer-related pain is pain caused by the primary cancer itself or metastases (chronic cancer pain) or its treatment (chronic post-cancer treatment pain). It is distinct from pain caused by co-morbid disease [1-3]. It should be highly probable that the pain is due to cancer or its treatment; if its genesis is vague, consider using codes in the section of Primary pain.",,https://id.who.int/icd/release/11/2025-01/mms/785363034,MG30.1,ICD-11 MMS Chapter 21 API,,2025-01
1997,"Chronic cancer related pain, unspecified","chronic cancer related pain, unspecified",,,https://id.who.int/icd/release/11/2025-01/mms/785363034/unspecified,MG30.1Z,ICD-11 MMS Chapter 21 API,,2025-01
2012,Chronic central neuropathic pain,chronic central neuropathic pain,"Chronic central neuropathic pain is chronic pain caused by a lesion or disease of the central somatosensory nervous system. The pain may be spontaneous or evoked, as an increased response to a painful stimulus (hyperalgesia) or a painful response to a normally nonpainful stimulus (allodynia). The diagnosis of central neuropathic pain requires a history of central nervous system injury or disease and a neuroanatomically plausible distribution of the pain. Negative (e.g., decreased or loss of sensation) and positive sensory symptoms or signs (e.g., allodynia or hyperalgesia) indicating the involvement of the central somatosensory nervous system must be compatible with the innervation territory of the affected nervous structure.",,https://id.who.int/icd/release/11/2025-01/mms/1297540670,MG30.50,ICD-11 MMS Chapter 21 API,,2025-01
2016,Chronic dental pain,chronic dental pain,"Chronic dental pain is chronic pain that is caused by a disorder involving the teeth or associated tissues (pulpal, periodontal or gingival pain) and that occurs for two hours or more per day on at least 50% of the days during at least three months. The typical causative factor will be caries or trauma to a tooth or teeth or associated tissues. In addition to clinical examination, imaging (intraoral x-rays, CT scans etc.) may facilitate the correct diagnosis. If the aetiology is vague, consider using codes in the section of chronic primary pain.",,https://id.who.int/icd/release/11/2025-01/mms/411578227,MG30.61,ICD-11 MMS Chapter 21 API,,2025-01
1547,Chronic discoid or annular skin disorder,chronic discoid or annular skin disorder,"A provisional diagnosis for a chronic skin disorder of unknown or uncertain nature consisting of multiple circular or ring-shaped patches and plaques. Although infection due to dermatophyte infection (tinea or ringworm) can produce this pattern, many other skin disorders may have a discoid or annular configuration: these are frequently misdiagnosed as tinea. Common examples include atopic eczema, nummular dermatitis and psoriasis.",,https://id.who.int/icd/release/11/2025-01/mms/975730054,ME63.6,ICD-11 MMS Chapter 21 API,,2025-01
1063,Chronic enlargement of lacrimal gland,chronic enlargement of lacrimal gland,,,https://id.who.int/icd/release/11/2025-01/mms/1319974781,MC12,ICD-11 MMS Chapter 21 API,,2025-01
1495,Chronic enteritis of uncertain aetiology,chronic enteritis of uncertain aetiology,,,https://id.who.int/icd/release/11/2025-01/mms/2036452902,ME06,ICD-11 MMS Chapter 21 API,,2025-01
1541,Chronic erythematous skin disorder,chronic erythematous skin disorder,"A provisional diagnosis for a chronic skin disorder of unknown or uncertain nature in which widespread confluent erythema is the predominant feature. Examples include generalised atopic eczema, erythrodermic psoriasis, pityriasis rubra pilaris and Sézary syndrome.",,https://id.who.int/icd/release/11/2025-01/mms/1944251246,ME63.0,ICD-11 MMS Chapter 21 API,,2025-01
1548,Chronic excoriation of skin,chronic excoriation of skin,"A provisional diagnosis for a chronic skin disorder of unknown or uncertain nature characterised by the presence of multiple excoriations. In some cases the excoriation is secondary to intense pruritus arising either from an underlying systemic disorder such as uraemia or from a pruritic skin disease such as eczema. In many cases, however, psychogenic factors may be responsible.",,https://id.who.int/icd/release/11/2025-01/mms/2102474973,ME63.7,ICD-11 MMS Chapter 21 API,,2025-01
1812,"Chronic gastrointestinal bleeding, not elsewhere classified","chronic gastrointestinal bleeding, not elsewhere classified",,,https://id.who.int/icd/release/11/2025-01/mms/985094335,ME24.91,ICD-11 MMS Chapter 21 API,,2025-01
2022,Chronic headache associated with a substance or its withdrawal,chronic headache associated with a substance or its withdrawal,"Chronic headache associated with a substance or its withdrawal is caused by use of, exposure to or withdrawal from a substance, and has a duration of more than three months. The pain occurs on at least 50% of the days during at least three months. The duration of pain per day is at least 2 hours.",,https://id.who.int/icd/release/11/2025-01/mms/316533152,MG30.67,ICD-11 MMS Chapter 21 API,,2025-01
2020,Chronic headache or orofacial pain associated with cranial or cervical vascular disorder,chronic headache or orofacial pain associated with cranial or cervical vascular disorder,"Chronic headache or orofacial pain associated with cranial or cervical vascular disorder is caused by vascular cervical or cranial disorders, and has a duration of more than three months. The pain occurs on at least 50% of the days during at least three months. The duration of pain per day is at least 2 hours.",,https://id.who.int/icd/release/11/2025-01/mms/190956303,MG30.65,ICD-11 MMS Chapter 21 API,,2025-01
2019,Chronic headache or orofacial pain associated with disorders of homoeostasis or their nonpharmacological treatment,chronic headache or orofacial pain associated with disorders of homoeostasis or their nonpharmacological treatment,"Chronic headache or orofacial pain associated with disorders of homeostasis or their nonpharmacological treatment is caused by disorders of homoeostasis or the nonpharmacological treatment thereof, and has a duration of more than three months. The pain occurs on at least 50% of the days during at least three months. The duration of pain per day is at least 2 hours.",,https://id.who.int/icd/release/11/2025-01/mms/1839497823,MG30.64,ICD-11 MMS Chapter 21 API,,2025-01
2021,Chronic headache or orofacial pain associated with non-vascular intracranial disorder,chronic headache or orofacial pain associated with non-vascular intracranial disorder,"Chronic headache or orofacial pain associated with non-vascular intracranial disorder is caused by non-vascular intracranial disorders, and has a duration of more than three months. The pain occurs on at least 50% of the days during at least three months. The duration of pain per day is at least 2 hours.",,https://id.who.int/icd/release/11/2025-01/mms/995240069,MG30.66,ICD-11 MMS Chapter 21 API,,2025-01
1546,Chronic lichenified skin disorder,chronic lichenified skin disorder,"A provisional diagnosis for a chronic skin disorder of unknown or uncertain nature in which lichenification is the prominent feature. Examples include chronic eczema, lichen simplex and lichen planus.",,https://id.who.int/icd/release/11/2025-01/mms/1903229601,ME63.5,ICD-11 MMS Chapter 21 API,,2025-01
45,Chronic lymphocytic leukaemia of B-cell type,,"Chronic lymphocytic leukaemia/small lymphocytic lymphoma (CLL/SLL) is a neoplasm composed of monomorphic small, round to slightly irregular B lymphocytes in the peripheral blood (PB), bone marrow (BM), spleen and lymph nodes, admixed with prolymphocytes and paraimmunoblasts forming proliferation centres in tissue infiltrates. The CLL/SLL cells usually coexpress CD5 and CD23. In the absence of extramedullary tissue involvement, there must be <5x109/L monoclonal lymphocytes with a CLL phenotype in the PB. The International Workshop on Chronic Lymphocytic Leukemia (IWCLL) report requires that the lymphocytosis be present for at least 3 months and also allows for the diagnosis of CLL to be made with lower lymphocyte counts in patients with cytopenias or disease-related symptoms. Whether patients who would have fulfilled the criteria in the past for CLL but who fulfill the criteria only for monoclonal B lymphocytosis (MBL) are better considered to have low stage CLL or MBL remains to be determined. Some may prefer to still consider many of these cases more like CLL. The term SLL is used for non-leukaemic cases with the tissue morphology and immunophenotype of CLL. The IWCLL definition of SLL requires lymphadenopathy, no cytopenias due to BM infiltration by CLL/SLL and <5x109/L PB B-cells.",,https://id.who.int/icd/entity/1726842351,,WHO ICD-11 API,,2025-01
2017,Chronic neuropathic orofacial pain,chronic neuropathic orofacial pain,Chronic neuropathic orofacial pain is chronic pain in the orofacial region that is caused by a lesion or disease of the peripheral somatosensory nervous system. It occurs for two hours or more per day (or several shorter attacks per day occur) on at least 50% of the days during at least three months. The diagnosis of chronic neuropathic orofacial pain requires a history of peripheral nervous system injury or disease and a neuroanatomically plausible distribution of the pain. Negative and positive sensory symptoms or signs must be compatible with the innervation territory of the affected nervous structure.,,https://id.who.int/icd/release/11/2025-01/mms/1027961521,MG30.62,ICD-11 MMS Chapter 21 API,,2025-01
1879,Chronic neuropathic pain,chronic neuropathic pain,"Chronic neuropathic pain is chronic pain caused by a lesion or disease of the somatosensory nervous system. The pain may be spontaneous or evoked, as an increased response to a painful stimulus (hyperalgesia) or a painful response to a normally nonpainful stimulus (allodynia). The diagnosis of chronic neuropathic pain requires a history of nervous system injury or disease and a neuroanatomically plausible distribution of the pain. Negative (for example, decreased or loss of sensation) and positive sensory symptoms or signs (for example, allodynia or hyperalgesia) indicating the involvement of the somatosensory nervous system must be compatible with the innervation territory of the affected nervous structure.",,https://id.who.int/icd/release/11/2025-01/mms/1170330671,MG30.5,ICD-11 MMS Chapter 21 API,,2025-01
2015,"Chronic neuropathic pain, unspecified","chronic neuropathic pain, unspecified",,,https://id.who.int/icd/release/11/2025-01/mms/1170330671/unspecified,MG30.5Z,ICD-11 MMS Chapter 21 API,,2025-01
653,Chronic pain,chronic pain,,,,,Curated symptom vocabulary,,2025-01
1882,"Chronic pain, unspecified","chronic pain, unspecified",,,https://id.who.int/icd/release/11/2025-01/mms/1581976053/unspecified,MG30.Z,ICD-11 MMS Chapter 21 API,,2025-01
1543,Chronic papular skin disorder,chronic papular skin disorder,"A provisional diagnosis for a chronic skin disorder of unknown, uncertain or unspecified nature and characterised by the presence of multiple skin papules.",,https://id.who.int/icd/release/11/2025-01/mms/735102585,ME63.2,ICD-11 MMS Chapter 21 API,,2025-01
2013,Chronic peripheral neuropathic pain,chronic peripheral neuropathic pain,"Chronic peripheral neuropathic pain is chronic pain caused by a lesion or disease of the peripheral somatosensory nervous system. The pain may be spontaneous or evoked, as an increased response to a painful stimulus (hyperalgesia) or a painful response to a normally nonpainful stimulus (allodynia). The diagnosis of peripheral neuropathic pain requires a history of peripheral nervous system injury or disease and a neuroanatomically plausible distribution of the pain. Negative (e.g., decreased or loss of sensation) and positive sensory symptoms or signs (e.g., allodynia or hyperalgesia) indicating the involvement of the peripheral somatosensory nervous system must be compatible with the innervation territory of the affected nervous structure.",,https://id.who.int/icd/release/11/2025-01/mms/425464783,MG30.51,ICD-11 MMS Chapter 21 API,,2025-01
1995,Chronic post cancer treatment pain,chronic post cancer treatment pain,"Chronic post-cancer treatment pain is pain caused by any treatment given to treat the primary tumour or metastases. The most common forms are:

(i) Chronic painful chemotherapy-induced polyneuropathy (CIPN): chronic peripheral neuropathic pain caused by oral or intravenous chemotherapy.

(ii) Chronic post-radiotherapy pain: chronic pain caused by delayed local damage to the nervous system in the field of radiotherapy. It is distinct from pain caused by tumour recurrence or co-morbid disease.

Other treatments include surgery and hormonal therapy.


Diagnostic Criteria 
Conditions A to C are fulfilled:

A. Chronic pain (persistent or recurrent for longer than 3 months) is present and characterised by all of the following:
A1 History of treatment with neurotoxic chemotherapy or radiotherapy or any treatment given to treat the primary tumour or metastases
A2 It is likely that the pain is caused by the cancer treatment.

B. One of the following applies:
B1 An active or recurrent tumour or metastases have been specifically excluded on radiological investigation.
B2 If an active or a recurrent tumor or metastases are present, the pain is not better accounted for by them.

C. The pain is not better accounted for by another diagnosis of chronic pain.",,https://id.who.int/icd/release/11/2025-01/mms/1640181609,MG30.11,ICD-11 MMS Chapter 21 API,,2025-01
1998,Chronic post traumatic pain,chronic post traumatic pain,"Chronic post traumatic pain is pain developing or increasing in intensity after a tissue injury (involving any trauma including burns) and persisting beyond the healing process, i.e. at least 3 months after the tissue trauma. The pain is either localized to the area of injury, projected to the innervation territory of a nerve situated in this area, or referred to a dermatome (after surgery/injury to deep somatic or visceral tissues). Other causes of pain including infection, malignancy etc. need to be excluded as well as pain continuing from a pre-existing pain problem.",,https://id.who.int/icd/release/11/2025-01/mms/1034914433,MG30.20,ICD-11 MMS Chapter 21 API,,2025-01
1876,Chronic postsurgical or post traumatic pain,chronic postsurgical or post traumatic pain,"Chronic postsurgical or post traumatic pain is pain developing or increasing in intensity after a surgical procedure or a tissue injury (involving any trauma including burns) and persisting beyond the healing process, i.e. at least 3 months after surgery or tissue trauma. The pain is either localized to the surgical field or area of injury, projected to the innervation territory of a nerve situated in this area, or referred to a dermatome (after surgery/injury to deep somatic or visceral tissues). Other causes of pain including infection, malignancy etc. need to be excluded as well as pain continuing from a pre-existing pain problem.",,https://id.who.int/icd/release/11/2025-01/mms/985186256,MG30.2,ICD-11 MMS Chapter 21 API,,2025-01
2001,"Chronic postsurgical or post traumatic pain, unspecified","chronic postsurgical or post traumatic pain, unspecified",,,https://id.who.int/icd/release/11/2025-01/mms/985186256/unspecified,MG30.2Z,ICD-11 MMS Chapter 21 API,,2025-01
1999,Chronic postsurgical pain,chronic postsurgical pain,"Chronic postsurgical pain is chronic pain developing or increasing in intensity after a surgical procedure and persisting beyond the healing process, i.e. at least 3 months after surgery. The pain is either localised to the surgical field, projected to the innervation territory of a nerve situated in this area, or referred to a dermatome (after surgery/injury to deep somatic or visceral tissues). Other causes of pain including infection, malignancy etc. need to be excluded as well as pain continuing from a pre-existing pain problem. Dependent on type of surgery, chronic postsurgical pain often may be neuropathic pain.",,https://id.who.int/icd/release/11/2025-01/mms/302680255,MG30.21,ICD-11 MMS Chapter 21 API,,2025-01
1990,Chronic primary headache or orofacial pain,chronic primary headache or orofacial pain,"Chronic primary headache or orofacial pain is defined as headache or orofacial pain that occurs on at least 50% of the days during at least 3 months. It is characterised by significant emotional distress (anxiety, anger/frustration or depressed mood) or functional disability (interference in daily life activities, reduced participation in social roles). Chronic primary headache or orofacial pain is multifactorial: biological, psychological and social factors contribute to the pain syndrome. The diagnosis is appropriate independently of identified biological or psychological contributors unless another diagnosis would better account for the presenting symptoms. The duration of pain per day is at least 2 hours.",,https://id.who.int/icd/release/11/2025-01/mms/2104869000,MG30.03,ICD-11 MMS Chapter 21 API,,2025-01
1989,Chronic primary musculoskeletal pain,chronic primary musculoskeletal pain,"Chronic primary musculoskeletal pain is chronic pain in the muscles, bones, joints or tendons that is characterised by significant emotional distress (anxiety, anger/frustration or depressed mood) or functional disability (interference in daily life activities and reduced participation in social roles). Chronic primary musculoskeletal pain is multifactorial: biological, psychological and social factors contribute to the pain syndrome. The diagnosis is appropriate independently of identified biological or psychological contributors unless another diagnosis would better account for the presenting symptoms. Other chronic musculoskeletal pain diagnoses to be considered are those listed under chronic secondary musculoskeletal pain.",,https://id.who.int/icd/release/11/2025-01/mms/1236923870,MG30.02,ICD-11 MMS Chapter 21 API,,2025-01
1874,Chronic primary pain,chronic primary pain,"Chronic primary pain is chronic pain in one or more anatomical regions that is characterised by significant emotional distress (anxiety, anger/frustration or depressed mood) or functional disability (interference in daily life activities and reduced participation in social roles). Chronic primary pain is multifactorial: biological, psychological and social factors contribute to the pain syndrome. The diagnosis is appropriate independently of identified biological or psychological contributors unless another diagnosis would better account for the presenting symptoms.",,https://id.who.int/icd/release/11/2025-01/mms/1326332835,MG30.0,ICD-11 MMS Chapter 21 API,,2025-01
1993,"Chronic primary pain, unspecified","chronic primary pain, unspecified",,,https://id.who.int/icd/release/11/2025-01/mms/1326332835/unspecified,MG30.0Z,ICD-11 MMS Chapter 21 API,,2025-01
1987,Chronic primary visceral pain,chronic primary visceral pain,"Chronic primary visceral pain is chronic pain localized in the thoracic, abdominal or pelvic region, and is associated with significant emotional distress or functional disability. The distinct anatomical location is compatible with typical referral pain patterns from specific internal organs. The symptoms are not better explained by a diagnosis of chronic secondary visceral pain. Chronic primary visceral pain is multifactorial: biological, psychological and social factors contribute to the pain syndrome. The diagnosis is appropriate independently of identified biological or psychological contributors unless another diagnosis would better account for the presenting symptoms.",,https://id.who.int/icd/release/11/2025-01/mms/679352876,MG30.00,ICD-11 MMS Chapter 21 API,,2025-01
1545,Chronic scaling or hyperkeratotic skin disorder,chronic scaling or hyperkeratotic skin disorder,"A provisional diagnosis for a chronic skin disorder of unknown or uncertain nature in which scaling and hyperkeratosis are prominent features. Examples include psoriasis, ichthyoses, small plaque parapsoriasis and mycosis fungoides.",,https://id.who.int/icd/release/11/2025-01/mms/785218967,ME63.4,ICD-11 MMS Chapter 21 API,,2025-01
1880,Chronic secondary headache or orofacial pain,chronic secondary headache or orofacial pain,Chronic secondary headache and orofacial pain comprises all headache and orofacial pain disorders that have underlying causes and occur on at least 50% of the days during at least three months. The duration of pain per day is at least 2 hours.,,https://id.who.int/icd/release/11/2025-01/mms/2116703819,MG30.6,ICD-11 MMS Chapter 21 API,,2025-01
2024,"Chronic secondary headache or orofacial pain, unspecified","chronic secondary headache or orofacial pain, unspecified",,,https://id.who.int/icd/release/11/2025-01/mms/2116703819/unspecified,MG30.6Z,ICD-11 MMS Chapter 21 API,,2025-01
1877,Chronic secondary musculoskeletal pain,chronic secondary musculoskeletal pain,"Chronic secondary musculoskeletal pain is chronic pain arising from bone(s), joint(s), muscle(s), vertebral column, tendon(s) or related soft tissue(s). It is a heterogeneous group of chronic pain conditions originating in persistent nociception in joint, bone, muscle, vertebral column, tendons and related soft tissues, with local and systemic aetiologies, but also related to deep somatic lesions. The pain may be spontaneous or movement-induced.",,https://id.who.int/icd/release/11/2025-01/mms/1968541653,MG30.3,ICD-11 MMS Chapter 21 API,,2025-01
2003,Chronic secondary musculoskeletal pain associated with structural changes,chronic secondary musculoskeletal pain associated with structural changes,"Chronic secondary musculoskeletal pain associated with structural changes is chronic pain of unknown mechanism(s) that is attributable to anatomical changes in joint(s), bone(s) or tendon(s). The structural change needs to be inferred from clinical examination and/or demonstrable on imaging. The pain may be spontaneous or movement-induced. It is characterised by clinical features such as swelling, allodynia or restricted movement.

Diagnostic Criteria:

Conditions A to D are fulfilled:

A) Chronic pain (persistent or recurrent for longer than 3 months) in joint(s), bone(s), or tendon(s) is present. The pain may be spontaneous or movement induced.

B) At least one of the following fulfilled:
B1) Swelling is present.
B2) Allodynia over the part is present.

C) The structural change is inferred from clinical examination or imaging. 

D) The pain is not better accounted for by another diagnosis of chronic pain.",,https://id.who.int/icd/release/11/2025-01/mms/1569734721,MG30.31,ICD-11 MMS Chapter 21 API,,2025-01
2004,Chronic secondary musculoskeletal pain due to disease of the nervous system,chronic secondary musculoskeletal pain due to disease of the nervous system,"Chronic secondary musculoskeletal pain due to diseases of the nervous system is chronic pain localized in joint(s), bone(s), tendon(s) or muscle(s) that is related to peripheral or central neurological disorders classified elsewhere. It includes pain due to altered motor function and altered sensory function. Altered biomechanical function due to the neurological disease is responsible for the activation of nociceptors in musculoskeletal tissue. The pain may be spontaneous or movement-induced.",,https://id.who.int/icd/release/11/2025-01/mms/2019368323,MG30.32,ICD-11 MMS Chapter 21 API,,2025-01
2002,Chronic secondary musculoskeletal pain from persistent inflammation,chronic secondary musculoskeletal pain from persistent inflammation,"Chronic secondary musculoskeletal pain from persistent inflammation is chronic pain due to inflammatory mechanisms in joint(s), bone(s), tendon(s), muscle(s), soft tissue(s) or vertebral column. The pain may be spontaneous or movement-induced. It is characterised by clinical features of inflammation, including increased sensitivity of the part to stimuli.",,https://id.who.int/icd/release/11/2025-01/mms/390684604,MG30.30,ICD-11 MMS Chapter 21 API,,2025-01
2006,"Chronic secondary musculoskeletal pain, unspecified","chronic secondary musculoskeletal pain, unspecified",,,https://id.who.int/icd/release/11/2025-01/mms/1968541653/unspecified,MG30.3Z,ICD-11 MMS Chapter 21 API,,2025-01
1878,Chronic secondary visceral pain,chronic secondary visceral pain,"Chronic visceral pain is persistent or recurrent pain originating from internal organs of the head/neck region and of the thoracic, abdominal and pelvic cavities. The visceral etiology of the pain should be highly probable; if it is vague, consider using codes in the section of Chronic Primary Pain.",,https://id.who.int/icd/release/11/2025-01/mms/446969214,MG30.4,ICD-11 MMS Chapter 21 API,,2025-01
2011,"Chronic secondary visceral pain, unspecified","chronic secondary visceral pain, unspecified",,,https://id.who.int/icd/release/11/2025-01/mms/446969214/unspecified,MG30.4Z,ICD-11 MMS Chapter 21 API,,2025-01
1126,Chronic skin disorder of uncertain or unspecified nature,chronic skin disorder of uncertain or unspecified nature,"A provisional diagnosis for a chronic skin disorder (of at least six weeks' duration) of unknown, uncertain or unspecified nature.",,https://id.who.int/icd/release/11/2025-01/mms/343905295,ME63,ICD-11 MMS Chapter 21 API,,2025-01
1542,Chronic urticarial skin disorder,chronic urticarial skin disorder,"A provisional diagnosis for a rash consisting of persistent urticated papules and plaques for which a more precise diagnosis has not been or cannot be made. Diagnoses which should be considered include immunobullous disorders, urticarial vasculitis and drug reactions.",,https://id.who.int/icd/release/11/2025-01/mms/2015013184,ME63.1,ICD-11 MMS Chapter 21 API,,2025-01
2007,Chronic visceral pain from mechanical factors,chronic visceral pain from mechanical factors,"Chronic visceral pain from mechanical factors is chronic pain deriving from a) the obstruction of hollow viscera as a consequence of internal migrating obstacles (e.g., stones) or stenosis, with dilation above the obstacle/stenosis or b) from the traction of ligaments and vessels of internal organs or the external compression of internal organs.",,https://id.who.int/icd/release/11/2025-01/mms/1507624466,MG30.40,ICD-11 MMS Chapter 21 API,,2025-01
2009,Chronic visceral pain from persistent inflammation,chronic visceral pain from persistent inflammation,"Chronic visceral pain from persistent inflammation is chronic pain due to longlasting inflammation of internal organs of the head/neck region and of the thoracic, abdominal, or pelvic cavities.",,https://id.who.int/icd/release/11/2025-01/mms/1290701352,MG30.42,ICD-11 MMS Chapter 21 API,,2025-01
2008,Chronic visceral pain from vascular mechanisms,chronic visceral pain from vascular mechanisms,"Chronic visceral pain from vascular mechanisms is chronic visceral pain due to alterations of arterial and/or venous blood vessels to/from viscera of the head/neck region, thoracic, abdominal and pelvic cavities or pain conditions of the vascular system producing pain in other locations.",,https://id.who.int/icd/release/11/2025-01/mms/1119203708,MG30.41,ICD-11 MMS Chapter 21 API,,2025-01
1988,Chronic widespread pain,chronic widespread pain,"Chronic widespread pain (CWP) is diffuse pain in at least 4 of 5 body regions and is associated with significant emotional distress (anxiety, anger/frustration or depressed mood) or functional disability (interference in daily life activities and reduced participation in social roles). CWP is multifactorial: biological, psychological and social factors contribute to the pain syndrome. The diagnosis is appropriate when the pain is not directly attributable to a nociceptive process in these regions and there are features consistent with nociplastic pain and identified psychological and social contributors.",,https://id.who.int/icd/release/11/2025-01/mms/849253504,MG30.01,ICD-11 MMS Chapter 21 API,,2025-01
1200,Chyluria,chyluria,"Chyluria, also called chylous urine, is a medical condition involving the presence of chyle in the urine stream, which results in urine appearing milky white.",,https://id.who.int/icd/release/11/2025-01/mms/2095915189,MF92,ICD-11 MMS Chapter 21 API,,2025-01
1317,Circumstantiality,circumstantiality,A relatively mild disturbance in the associative thought process typically manifest in speech or writing characterised by delay in getting to the point because of the interpolation of unnecessary details and irrelevant parenthetical remarks.,,https://id.who.int/icd/release/11/2025-01/mms/180029677,MB25.00,ICD-11 MMS Chapter 21 API,,2025-01
697,Clammy skin,clammy skin,,,,,Curated symptom vocabulary,,2025-01
1132,Clicking hip,clicking hip,,,https://id.who.int/icd/release/11/2025-01/mms/1355694344,ME80,ICD-11 MMS Chapter 21 API,,2025-01
1057,Clinical findings in cerebrospinal fluid,clinical findings in cerebrospinal fluid,,,https://id.who.int/icd/release/11/2025-01/mms/1111127034,MB70,ICD-11 MMS Chapter 21 API,,2025-01
1431,"Clinical findings in cerebrospinal fluid, unspecified","clinical findings in cerebrospinal fluid, unspecified",,,https://id.who.int/icd/release/11/2025-01/mms/1111127034/unspecified,MB70.Z,ICD-11 MMS Chapter 21 API,,2025-01
1117,Clinical findings in specimens from digestive organs or abdominal cavity,clinical findings in specimens from digestive organs or abdominal cavity,,,https://id.who.int/icd/release/11/2025-01/mms/1419718140,ME20,ICD-11 MMS Chapter 21 API,,2025-01
1512,"Clinical findings in specimens from digestive organs or abdominal cavity, unspecified","clinical findings in specimens from digestive organs or abdominal cavity, unspecified",,,https://id.who.int/icd/release/11/2025-01/mms/1419718140/unspecified,ME20.Z,ICD-11 MMS Chapter 21 API,,2025-01
1178,"Clinical findings in specimens from female genital organs, unspecified","clinical findings in specimens from female genital organs, unspecified",,,https://id.who.int/icd/release/11/2025-01/mms/1165602961/unspecified,MF6Z,ICD-11 MMS Chapter 21 API,,2025-01
1189,"Clinical findings in specimens from male genital organs, unspecified","clinical findings in specimens from male genital organs, unspecified",,,https://id.who.int/icd/release/11/2025-01/mms/540179717/unspecified,MF7Z,ICD-11 MMS Chapter 21 API,,2025-01
1106,Clinical findings in specimens from respiratory organs and thorax,clinical findings in specimens from respiratory organs and thorax,,,https://id.who.int/icd/release/11/2025-01/mms/836034670,MD40,ICD-11 MMS Chapter 21 API,,2025-01
1197,"Clinical findings in specimens from the urinary system, unspecified","clinical findings in specimens from the urinary system, unspecified",,,https://id.who.int/icd/release/11/2025-01/mms/1039550850/unspecified,MF8Z,ICD-11 MMS Chapter 21 API,,2025-01
906,"Clinical findings of drugs, medicaments and biological substances in blood, blood-forming organs, or the immune system","clinical findings of drugs, medicaments and biological substances in blood, blood-forming organs, or the immune system",,,https://id.who.int/icd/release/11/2025-01/mms/815226360,MA12,ICD-11 MMS Chapter 21 API,,2025-01
905,"Clinical findings of hormones in blood, blood-forming organs, or the immune system","clinical findings of hormones in blood, blood-forming organs, or the immune system",,,https://id.who.int/icd/release/11/2025-01/mms/718299950,MA11,ICD-11 MMS Chapter 21 API,,2025-01
907,"Clinical findings of substances chiefly nonmedicinal as to source in blood, blood-forming organs, or the immune system","clinical findings of substances chiefly nonmedicinal as to source in blood, blood-forming organs, or the immune system",,,https://id.who.int/icd/release/11/2025-01/mms/1600579423,MA13,ICD-11 MMS Chapter 21 API,,2025-01
1058,Clinical findings on diagnostic imaging of central nervous system,clinical findings on diagnostic imaging of central nervous system,"Clinical findings on diagnostic imaging of central nervous system is findings on diagnostic imaging of the brain or the spinal cord which don't appear in normal status of the body. Diagnostic imaging refers to technologies that doctors use to look inside body for clues about a medical condition. X-rays, CT scans, nuclear medicine scans, MRI scans and ultrasound are all types of diagnostic imaging.",,https://id.who.int/icd/release/11/2025-01/mms/1632791324,MB71,ICD-11 MMS Chapter 21 API,,2025-01
1434,"Clinical findings on diagnostic imaging of central nervous system, unspecified","clinical findings on diagnostic imaging of central nervous system, unspecified",,,https://id.who.int/icd/release/11/2025-01/mms/1632791324/unspecified,MB71.Z,ICD-11 MMS Chapter 21 API,,2025-01
1119,Clinical findings on diagnostic imaging of digestive tract,clinical findings on diagnostic imaging of digestive tract,,,https://id.who.int/icd/release/11/2025-01/mms/77765628,ME22,ICD-11 MMS Chapter 21 API,,2025-01
1141,Clinical findings on diagnostic imaging of limbs,clinical findings on diagnostic imaging of limbs,,,https://id.who.int/icd/release/11/2025-01/mms/1722455301,ME91,ICD-11 MMS Chapter 21 API,,2025-01
1118,Clinical findings on diagnostic imaging of liver or biliary tract,clinical findings on diagnostic imaging of liver or biliary tract,,,https://id.who.int/icd/release/11/2025-01/mms/1642681966,ME21,ICD-11 MMS Chapter 21 API,,2025-01
1107,Clinical findings on diagnostic imaging of lung,clinical findings on diagnostic imaging of lung,"Clinical findings on diagnostic imaging of lung is findings on diagnostic imaging of the lung which don't appear in normal status of the body. Diagnostic imaging refers to technologies that doctors use to look inside body for clues about a medical condition. X-rays, CT scans, nuclear medicine scans, MRI scans and ultrasound are all types of diagnostic imaging.",,https://id.who.int/icd/release/11/2025-01/mms/68789898,MD41,ICD-11 MMS Chapter 21 API,,2025-01
1142,Clinical findings on diagnostic imaging of other parts of musculoskeletal system,clinical findings on diagnostic imaging of other parts of musculoskeletal system,,,https://id.who.int/icd/release/11/2025-01/mms/65099921,ME92,ICD-11 MMS Chapter 21 API,,2025-01
1591,"Clinical findings on diagnostic imaging of other parts of musculoskeletal system, unspecified","clinical findings on diagnostic imaging of other parts of musculoskeletal system, unspecified",,,https://id.who.int/icd/release/11/2025-01/mms/65099921/unspecified,ME92.Z,ICD-11 MMS Chapter 21 API,,2025-01
1140,Clinical findings on diagnostic imaging of skull and head,clinical findings on diagnostic imaging of skull and head,,,https://id.who.int/icd/release/11/2025-01/mms/1880083205,ME90,ICD-11 MMS Chapter 21 API,,2025-01
1121,Clinical manifestations of the digestive system,clinical manifestations of the digestive system,,,https://id.who.int/icd/release/11/2025-01/mms/1020615731,ME24,ICD-11 MMS Chapter 21 API,,2025-01
1387,Clonus,clonus,A series of involuntary muscle contractions and relaxations,,https://id.who.int/icd/release/11/2025-01/mms/770525634,MB47.2,ICD-11 MMS Chapter 21 API,,2025-01
923,Clouding of consciousness,clouding of consciousness,"An impairment in the clarity of consciousness characterised by impaired ability to comprehend aspects of the environment or the self in relation to the environment, inattention, and abnormalities in thought processes, comprehension. It is typically accompanied by subjective experience of mental clouding described as feeling ‘foggy’. Clouding of consciousness is a common form of cognitive disturbance in Delirium, but it is not synonymous with Delirium because Delirium includes additional diagnostic requirements.",,https://id.who.int/icd/release/11/2025-01/mms/1505501372,MB20.2,ICD-11 MMS Chapter 21 API,,2025-01
859,Cloudy urine,cloudy urine,,,,,Curated symptom vocabulary,,2025-01
367,Clubbing,clubbing,,,,,Extracted from disease definitions (mentioned in 1 diseases),,2025-01
660,Cluster headache,cluster headache,,,,,Curated symptom vocabulary,,2025-01
295,Cognitive decline,cognitive decline,,,,,Extracted from disease definitions (mentioned in 2 diseases),,2025-01
134,Cognitive impairment,cognitive impairment,,,,,Extracted from disease definitions (mentioned in 10 diseases),,2025-01
576,Cold,cold,,,,,Extracted from disease definitions (mentioned in 1 diseases),,2025-01
696,Cold extremities,cold extremities,,,,,Curated symptom vocabulary,,2025-01
648,Cold intolerance,cold intolerance,,,,,Curated symptom vocabulary,,2025-01
237,Collapse,collapse,,,,,Extracted from disease definitions (mentioned in 3 diseases),,2025-01
370,Colonic Distention Severe Constipation,colonic distention severe constipation,,,,,Extracted from disease definitions (mentioned in 1 diseases),,2025-01
172,Coma,coma,,,,,Extracted from disease definitions (mentioned in 5 diseases),,2025-01
56,Combined deficiency of factor V and factor VIII,,Combined deficiency of factor V and factor VIII is an inherited bleeding disorder due to the reduction in activity and antigen levels of both factor V (FV) and factor VIII (FVIII) and characterised by mild-to-moderate bleeding symptoms.,,https://id.who.int/icd/entity/184219764,,WHO ICD-11 API,,2025-01
1773,Combined diastolic and systolic elevated blood pressure reading without diagnosis of hypertension,combined diastolic and systolic elevated blood pressure reading without diagnosis of hypertension,,,https://id.who.int/icd/release/11/2025-01/mms/805200733,MC80.01,ICD-11 MMS Chapter 21 API,,2025-01
1560,Complaint of abnormal sweating,complaint of abnormal sweating,Complaint that sweating is abnormal (most commonly that it is increased) without sufficient evidence to make a specific diagnosis.,,https://id.who.int/icd/release/11/2025-01/mms/1665798650,ME66.5,ICD-11 MMS Chapter 21 API,,2025-01
340,Complaints Of Insomnia,complaints of insomnia,,,,,Extracted from disease definitions (mentioned in 1 diseases),,2025-01
1991,Complex regional pain syndrome,complex regional pain syndrome,"Complex regional pain syndrome (CRPS) is a chronic pain condition in an extremity with a variable course over time. It is characterized by continuing regional pain (not in a specific nerve territory or dermatome), usually with distal predominance or distal-to-proximal gradient. It typically arises after tissue trauma and is seemingly disproportionate in magnitude or duration to the usual course of pain after such tissue trauma.
CRPS is characterized by signs indicating autonomic and neuro-inflammatory changes in the affected body region varying between patients and over time. Often, CRPS is accompanied by significant emotional distress or functional disability. CRPS is multifactorial.",,https://id.who.int/icd/release/11/2025-01/mms/1834504950,MG30.04,ICD-11 MMS Chapter 21 API,,2025-01
18,Compound HbS or HbC heterozygotes,,"The heterozygous form (sickle cell trait) is almost always asymptomatic, and the only usual significant manifestation is the renal concentrating defect presenting with isosthenuria (compound HbS/HbC).",,https://id.who.int/icd/entity/1397637756,,WHO ICD-11 API,,2025-01
20,Compound HbS or HbE heterozygotes,,"The heterozygous form (sickle cell trait) is almost always asymptomatic, and the only usual significant manifestation is the renal concentrating defect presenting with isosthenuria (compound HbS/HbE).",,https://id.who.int/icd/entity/131785602,,WHO ICD-11 API,,2025-01
21,Compound HbS or beta thalassaemia heterozygotes,,"The heterozygous form (sickle cell trait) is almost always asymptomatic, and the only usual significant manifestation is the renal concentrating defect presenting with isosthenuria (includes HbS/delta-beta-thal compounds.)",,https://id.who.int/icd/entity/201007614,,WHO ICD-11 API,,2025-01
19,"Compound HbS, HbD-Punjab or Los Angeles heterozygotes",,"The heterozygous form (sickle cell trait) is almost always asymptomatic, and the only usual significant manifestation is the renal concentrating defect presenting with isosthenuria (compound HbS/HbD).",,https://id.who.int/icd/entity/1601142784,,WHO ICD-11 API,,2025-01
948,Compulsions,compulsions,"Repetitive behaviours or rituals (e.g., washing, checking) or mental acts (e.g., repeating words silently) that the individual feels driven to perform in response to an obsession, according to rigid rules, or to achieve a sense of ‘completeness’.",,https://id.who.int/icd/release/11/2025-01/mms/1682814866,MB23.4,ICD-11 MMS Chapter 21 API,,2025-01
771,Compulsive behaviour,compulsive behaviour,,,,,Curated symptom vocabulary,,2025-01
927,Confabulation,confabulation,"The filling of memory gaps with fabricated, distorted, or misinterpreted memories about oneself or the world, without the conscious intention to deceive.",,https://id.who.int/icd/release/11/2025-01/mms/292722503,MB21.3,ICD-11 MMS Chapter 21 API,,2025-01
103,Confusion,confusion,,,,,Extracted from disease definitions (mentioned in 20 diseases),,2025-01
48,Congenital nutritional vitamin B12 deficiency due to maternal vitamin B12 deficiency,,"Children born to vegetarians or other women with a low vitamin B12 intake subsequently develop signs of clinical vitamin B12 deficiency such as neuropathy, preterm birth, intrauterine growth retardation and neural tube defects.",,https://id.who.int/icd/entity/572096578,,WHO ICD-11 API,,2025-01
1598,Connective tissue and disc stenosis of intervertebral foramina,connective tissue and disc stenosis of intervertebral foramina,,,https://id.who.int/icd/release/11/2025-01/mms/292033500,ME93.6,ICD-11 MMS Chapter 21 API,,2025-01
1595,Connective tissue stenosis of neural canal,connective tissue stenosis of neural canal,,,https://id.who.int/icd/release/11/2025-01/mms/1707426595,ME93.3,ICD-11 MMS Chapter 21 API,,2025-01
156,Constipation,constipation,,,,,Extracted from disease definitions (mentioned in 7 diseases),,2025-01
1899,Constitutional delay of growth and puberty,constitutional delay of growth and puberty,"Delayed development concerning maturation of bones and their growth at prepubertal and pubertal ages of children. Occurs with or without short stature below the third percentile of body height. Height velocity is usually temporarily below the mean. Bone age is always delayed. Puberty starts late, but spontaneously. Other causes of delayed growth (with or without short stature below the third percentile of body height) or of delayed puberty must be excluded.",,https://id.who.int/icd/release/11/2025-01/mms/1683573263,MG44.13,ICD-11 MMS Chapter 21 API,,2025-01
1310,Constricted affect,constricted affect,"A marked reduction in the expressive range and intensity of affect, but less than is observed in Blunted affect.",,https://id.who.int/icd/release/11/2025-01/mms/533592874,MB24.60,ICD-11 MMS Chapter 21 API,,2025-01
744,Convulsion,convulsion,,,,,Curated symptom vocabulary,,2025-01
179,Convulsions,convulsions,,,,,Extracted from disease definitions (mentioned in 5 diseases),,2025-01
392,Convulsions Newly Arising In Pregnancy,convulsions newly arising in pregnancy,,,,,Extracted from disease definitions (mentioned in 1 diseases),,2025-01
949,Coprolalia,coprolalia,"Involuntary swearing or the involuntary utterance of obscene words or socially inappropriate and derogatory remarks, often in Tourette syndrome.",,https://id.who.int/icd/release/11/2025-01/mms/1014102510,MB23.5,ICD-11 MMS Chapter 21 API,,2025-01
87,Cough,cough,,,,,Extracted from disease definitions (mentioned in 32 diseases),,2025-01
365,Cough With Sputum Production,cough with sputum production,,,,,Extracted from disease definitions (mentioned in 1 diseases),,2025-01
442,Coughing,coughing,,,,,Extracted from disease definitions (mentioned in 1 diseases),,2025-01
702,Coughing up blood,coughing up blood,,,,,Curated symptom vocabulary,,2025-01
1388,Cramp or spasm,cramp or spasm,,,https://id.who.int/icd/release/11/2025-01/mms/157838476,MB47.3,ICD-11 MMS Chapter 21 API,,2025-01
409,Cramps,cramps,,,,,Extracted from disease definitions (mentioned in 1 diseases),,2025-01
788,Crepitus,crepitus,,,,,Curated symptom vocabulary,,2025-01
183,Cyanosis,cyanosis,,,,,Extracted from disease definitions (mentioned in 4 diseases),,2025-01
381,Cystic Swelling Containing Fluid,cystic swelling containing fluid,,,,,Extracted from disease definitions (mentioned in 1 diseases),,2025-01
910,"Cytological findings in blood, blood-forming organs, or the immune system","cytological findings in blood, blood-forming organs, or the immune system",,,https://id.who.int/icd/release/11/2025-01/mms/158137157,MA16,ICD-11 MMS Chapter 21 API,,2025-01
1282,"Cytological findings in blood, blood-forming organs, or the immune system, unspecified","cytological findings in blood, blood-forming organs, or the immune system, unspecified",,,https://id.who.int/icd/release/11/2025-01/mms/158137157/unspecified,MA16.Z,ICD-11 MMS Chapter 21 API,,2025-01
737,Dark urine,dark urine,,,,,Curated symptom vocabulary,,2025-01
197,Deafness,deafness,,,,,Extracted from disease definitions (mentioned in 4 diseases),,2025-01
1256,"Death occurring less than 24 hours from onset of symptoms, not otherwise explained","death occurring less than 24 hours from onset of symptoms, not otherwise explained",,,https://id.who.int/icd/release/11/2025-01/mms/859971440,MH12.1,ICD-11 MMS Chapter 21 API,,2025-01
318,Decreased Lean Body Mass,decreased lean body mass,,,,,Extracted from disease definitions (mentioned in 1 diseases),,2025-01
1674,Decreased appetite,decreased appetite,Intermittent or persistent decreased motivation or desire to eat food as compared to what is typical for the individual.,,https://id.who.int/icd/release/11/2025-01/mms/2119032619,MG43.8,ICD-11 MMS Chapter 21 API,,2025-01
937,Decreased libido,decreased libido,Decreased sexual desire or sexual activity compared with the patient's usual levels of sexual interest and functioning.,,https://id.who.int/icd/release/11/2025-01/mms/867236062,MB22.1,ICD-11 MMS Chapter 21 API,,2025-01
1736,Decreased white blood cell count,decreased white blood cell count,,,https://id.who.int/icd/release/11/2025-01/mms/1437714107,MA16.10,ICD-11 MMS Chapter 21 API,,2025-01
202,Dehydration,dehydration,,,,,Extracted from disease definitions (mentioned in 4 diseases),,2025-01
1896,Delayed milestone,delayed milestone,,,https://id.who.int/icd/release/11/2025-01/mms/1671367781,MG44.10,ICD-11 MMS Chapter 21 API,,2025-01
15,Delta-beta thalassaemia,,Delta-beta thalassaemia results from deletion of both the delta (HBD) and beta (HBB) globin genes leading to a condition that has the same clinical significance as beta thalassaemia.,,https://id.who.int/icd/entity/240519003,,WHO ICD-11 API,,2025-01
991,Delusion,delusion,"A belief that is demonstrably untrue or not shared by others, usually based on incorrect inference about external reality. The belief is firmly held with conviction and is not, or is only briefly, susceptible to modification by experience or evidence that contradicts it. The belief is not ordinarily accepted by other members or the person's culture or subculture (i.e., it is not an article of religious faith).",,https://id.who.int/icd/release/11/2025-01/mms/932028588,MB26.0,ICD-11 MMS Chapter 21 API,,2025-01
1323,Delusion of being controlled,delusion of being controlled,"A delusion that involves an external force or person controlling one's feelings, impulses, thoughts, or behaviour.",,https://id.who.int/icd/release/11/2025-01/mms/1240694797,MB26.01,ICD-11 MMS Chapter 21 API,,2025-01
1324,Delusion of guilt,delusion of guilt,"A delusion involving exaggerated or inappropriate responsibility, need for punishment or retribution, or disproportionate consequences of one’s actions, such as that a minor error in the past will lead to disaster, that the person has committed a sin or horrible crime and should be punished severely, or that the person is responsible for a horrible outcome with which there can be no possible connection.",,https://id.who.int/icd/release/11/2025-01/mms/1997906501,MB26.02,ICD-11 MMS Chapter 21 API,,2025-01
1334,Delusion of impoverishment,delusion of impoverishment,"A delusional conviction that one is currently destitute or soon will be, or that one does not have the necessary financial resources to live on, in spite of evidence to the contrary.",,https://id.who.int/icd/release/11/2025-01/mms/1745386829,MB26.0C,ICD-11 MMS Chapter 21 API,,2025-01
1325,Delusion of reference,delusion of reference,"A delusion that events, objects, or other people in the person's immediate environment have a particular and unusual personal significance, usually of a negative or pejorative nature.",,https://id.who.int/icd/release/11/2025-01/mms/922964532,MB26.03,ICD-11 MMS Chapter 21 API,,2025-01
1336,"Delusion, unspecified","delusion, unspecified",,,https://id.who.int/icd/release/11/2025-01/mms/932028588/unspecified,MB26.0Z,ICD-11 MMS Chapter 21 API,,2025-01
111,Delusions,delusions,,,,,Extracted from disease definitions (mentioned in 16 diseases),,2025-01
938,Demoralization,demoralization,"Loss of confidence in one's ability to cope, with associated feelings of helplessness, hopelessness, and discouragement.",,https://id.who.int/icd/release/11/2025-01/mms/1581226979,MB22.2,ICD-11 MMS Chapter 21 API,,2025-01
359,Dependent Oedema,dependent oedema,,,,,Extracted from disease definitions (mentioned in 1 diseases),,2025-01
1004,Depersonalisation,depersonalisation,"Experiencing the self as strange or unreal, or feeling detached from, or as though one were an outside observer of, one’s thoughts, feelings, sensations, body, or actions. Depersonalization may take the form of emotional and/or physical numbing, a sense of watching oneself from a distance or ‘being in a play’, or perceptual alterations (e.g., a distorted sense of time).",,https://id.who.int/icd/release/11/2025-01/mms/36155616,MB27.0,ICD-11 MMS Chapter 21 API,,2025-01
973,Depressed mood,depressed mood,"Negative affective state characterised by low mood, sadness, emptiness, hopelessness, or dejection",,https://id.who.int/icd/release/11/2025-01/mms/1093742821,MB24.5,ICD-11 MMS Chapter 21 API,,2025-01
143,Depression,depression,,,,,Extracted from disease definitions (mentioned in 8 diseases),,2025-01
517,Depression More Days Than Not For A Period Of Two Weeks,depression more days than not for a period of two weeks,,,,,Extracted from disease definitions (mentioned in 1 diseases),,2025-01
1005,Derealisation,derealisation,"Experiencing other persons, objects, or the world as strange or unreal (e.g., dreamlike, distant, foggy, lifeless, colourless, or visually distorted) or feeling detached from one’s surroundings.",,https://id.who.int/icd/release/11/2025-01/mms/109043312,MB27.1,ICD-11 MMS Chapter 21 API,,2025-01
488,Desquamation,desquamation,,,,,Extracted from disease definitions (mentioned in 1 diseases),,2025-01
305,Destruction Of Red Blood Cells Leading To Anaemia,destruction of red blood cells leading to anaemia,,,,,Extracted from disease definitions (mentioned in 1 diseases),,2025-01
1193,Diabetic glomerular changes,diabetic glomerular changes,Diabetic glomerulosclerosis involves diffuse thickening of the basement membrane progressing to diffuse mesangial expansion (diffuse diabetic glomerulosclerosis) with in some cases matrix occupying the capillary lumen to form Kimmelstiel Wilson nodules (nodular glomerulosclerosis),,https://id.who.int/icd/release/11/2025-01/mms/923657942,MF83,ICD-11 MMS Chapter 21 API,,2025-01
292,Diarrhea,diarrhea,,,,,Extracted from disease definitions (mentioned in 2 diseases),,2025-01
91,Diarrhoea,diarrhoea,,,,,Extracted from disease definitions (mentioned in 28 diseases),,2025-01
1774,Diastolic elevated blood pressure reading without diagnosis of hypertension,diastolic elevated blood pressure reading without diagnosis of hypertension,,,https://id.who.int/icd/release/11/2025-01/mms/1893321454,MC80.02,ICD-11 MMS Chapter 21 API,,2025-01
1862,"Difficulties with micturition, unspecified","difficulties with micturition, unspecified",,,https://id.who.int/icd/release/11/2025-01/mms/584871112/unspecified,MF50.6Z,ICD-11 MMS Chapter 21 API,,2025-01
705,Difficulty breathing,difficulty breathing,,,,,Curated symptom vocabulary,,2025-01
250,Difficulty concentrating,difficulty concentrating,,,,,Extracted from disease definitions (mentioned in 3 diseases),,2025-01
1367,Difficulty in walking,difficulty in walking,,,https://id.who.int/icd/release/11/2025-01/mms/149933236,MB44.2,ICD-11 MMS Chapter 21 API,,2025-01
768,Difficulty sleeping,difficulty sleeping,,,,,Curated symptom vocabulary,,2025-01
832,Difficulty speaking,difficulty speaking,,,,,Curated symptom vocabulary,,2025-01
722,Difficulty swallowing,difficulty swallowing,,,,,Curated symptom vocabulary,,2025-01
862,Difficulty urinating,difficulty urinating,,,,,Curated symptom vocabulary,,2025-01
755,Difficulty walking,difficulty walking,,,,,Curated symptom vocabulary,,2025-01
415,Diffuse Rash In The Secondary Stage,diffuse rash in the secondary stage,,,,,Extracted from disease definitions (mentioned in 1 diseases),,2025-01
52,Diffuse bleeding diathesis due to vitamin K deficient haemorrhagic disease of fetus or newborn,,Haemorrhagic disease of the newborn is a bleeding disorder of the newborn usually seen in the first week after life when vitamin K replacement is not provided to the newborn infant immediately after birth and is primarily characterised by gastrointestinal bleeding. The disorder can also be seen later in the newborn period in breast fed infants of vitamin K deficient mothers.,,https://id.who.int/icd/entity/1599946610,,WHO ICD-11 API,,2025-01
69,"Diffuse bleeding diathesis due to vitamin K deficient haemorrhagic disease of fetus or newborn, classic",,"Classic Vitamin K deficiency bleeding after 24 hours to end of the first week of life in infants who have not received prophylactic vitamin K at birth. Bleeding occurs in the umbilicus, GI tract, skin, nose and surgical sites (circumcision)",,https://id.who.int/icd/entity/1130002522,,WHO ICD-11 API,,2025-01
68,"Diffuse bleeding diathesis due to vitamin K deficient haemorrhagic disease of fetus or newborn, early",,"Early vitamin K deficiency bleeding occurs during first 24 hours of life in mothers taking anticonvulsants or antituberculosis medication. Bleeding occurs in the umbilicus, GI tract, skin, nose and surgical sites (circumcision).",,https://id.who.int/icd/entity/1140705320,,WHO ICD-11 API,,2025-01
70,"Diffuse bleeding diathesis due to vitamin K deficient haemorrhagic disease of fetus or newborn, late",,Late on-set vitamin K deficiency bleeding usually occurs at 2-12 weeks and is seen in breast-fed infants who did not receive vitamin K prophylaxis.,,https://id.who.int/icd/entity/867424731,,WHO ICD-11 API,,2025-01
1190,Diffuse mesangial sclerosis,diffuse mesangial sclerosis,"Diffuse mesangial sclerosis is a histological appearance which is characterised by diffuse thickening of basement membrane and massive enlargement of mesangial areas leading to contraction and sclerosis of the glomerular capillary tuft. It may be seen in children with early onset steroid resistant nephrotic syndrome due to a variety of genetic abnormalities, either as an isolated renal disease or as part of a multi-organ syndrome.",,https://id.who.int/icd/release/11/2025-01/mms/84161233,MF80,ICD-11 MMS Chapter 21 API,,2025-01
485,Digestive Problems Such As Haemorrhages,digestive problems such as haemorrhages,,,,,Extracted from disease definitions (mentioned in 1 diseases),,2025-01
1513,Digestive system abscess,digestive system abscess,This is a clinical form of sign indicating the presence of abscess in digestive system. This category will be used for postcoordination codes as complications of underlying illness.,,https://id.who.int/icd/release/11/2025-01/mms/1317981822,ME24.0,ICD-11 MMS Chapter 21 API,,2025-01
1519,Digestive system dilatation,digestive system dilatation,This is a clinical form of sign indicating the excess dilatation of lumen in the digestive tract. This category will be used for postcoordination codes as complications of underlying illness.,,https://id.who.int/icd/release/11/2025-01/mms/1058809993,ME24.6,ICD-11 MMS Chapter 21 API,,2025-01
1514,Digestive system fistula,digestive system fistula,This is a clinical form of sign indicating the presence of fistula in the digestive tract. This category will be used for postcoordination codes as complications of underlying illness.,,https://id.who.int/icd/release/11/2025-01/mms/1035286886,ME24.1,ICD-11 MMS Chapter 21 API,,2025-01
1520,Digestive system incarceration,digestive system incarceration,This is a clinical form of sign indicating the presence of incarceration in the digestive tract. This category is to be used for postcoordination codes particularly in case of haemorrhoids and hernia as complications of underlying illness.,,https://id.who.int/icd/release/11/2025-01/mms/711344157,ME24.7,ICD-11 MMS Chapter 21 API,,2025-01
1515,Digestive system obstruction,digestive system obstruction,This is a clinical form of a sign indicating obstruction of digestive tract. This category will be used for postcoordination codes as complications of underlying illness.,,https://id.who.int/icd/release/11/2025-01/mms/953394726,ME24.2,ICD-11 MMS Chapter 21 API,,2025-01
1516,Digestive system perforation,digestive system perforation,This is a clinical form of sign indicating perforation of digestive tract. This category will be used for postcoordination codes as complications of underlying illness.,,https://id.who.int/icd/release/11/2025-01/mms/1472717853,ME24.3,ICD-11 MMS Chapter 21 API,,2025-01
1809,Digestive system perforation of other specified site,digestive system perforation of other specified site,,,https://id.who.int/icd/release/11/2025-01/mms/1472717853/other,ME24.3Y,ICD-11 MMS Chapter 21 API,,2025-01
1810,Digestive system perforation of unspecified site,digestive system perforation of unspecified site,,,https://id.who.int/icd/release/11/2025-01/mms/1472717853/unspecified,ME24.3Z,ICD-11 MMS Chapter 21 API,,2025-01
1517,Digestive system stenosis,digestive system stenosis,This is a clinical form of sign indicating stenosis of digestive tract. This category will be used for postcoordination codes as complications of underlying illness.,,https://id.who.int/icd/release/11/2025-01/mms/1810113484,ME24.4,ICD-11 MMS Chapter 21 API,,2025-01
1521,Digestive system strangulation or gangrene,digestive system strangulation or gangrene,This is a clinical form of sign indicating the presence of strangulation and/or gangrene in the digestive tract. This category is to be used for postcoordination codes particularly in case of mechanical bowel obstruction and hernia as complications of underlying illness.,,https://id.who.int/icd/release/11/2025-01/mms/1438161812,ME24.8,ICD-11 MMS Chapter 21 API,,2025-01
1518,Digestive system ulcer,digestive system ulcer,,,https://id.who.int/icd/release/11/2025-01/mms/1202109372,ME24.5,ICD-11 MMS Chapter 21 API,,2025-01
1415,Diplegia of lower extremities,diplegia of lower extremities,,,https://id.who.int/icd/release/11/2025-01/mms/913303272,MB52,ICD-11 MMS Chapter 21 API,,2025-01
1414,Diplegia of upper extremities,diplegia of upper extremities,This is a loss of motor control in both arms.,,https://id.who.int/icd/release/11/2025-01/mms/1163632348,MB51,ICD-11 MMS Chapter 21 API,,2025-01
1755,"Diplegia of upper extremities, unspecified","diplegia of upper extremities, unspecified",,,https://id.who.int/icd/release/11/2025-01/mms/1163632348/unspecified,MB51.Z,ICD-11 MMS Chapter 21 API,,2025-01
275,Diplopia,diplopia,,,,,Extracted from disease definitions (mentioned in 2 diseases),,2025-01
144,Discharge,discharge,,,,,Extracted from disease definitions (mentioned in 8 diseases),,2025-01
579,Discharge From The Penis,discharge from the penis,,,,,Extracted from disease definitions (mentioned in 1 diseases),,2025-01
264,Discomfort,discomfort,,,,,Extracted from disease definitions (mentioned in 2 diseases),,2025-01
951,Disheveled appearance,disheveled appearance,"Untidy or unkempt appearance reflecting a lack of attention to one or more aspects of hygiene, grooming, or dress.",,https://id.who.int/icd/release/11/2025-01/mms/785834121,MB23.7,ICD-11 MMS Chapter 21 API,,2025-01
1400,Disorder of equilibrium,disorder of equilibrium,,,https://id.who.int/icd/release/11/2025-01/mms/1817247302,MB48.1,ICD-11 MMS Chapter 21 API,,2025-01
950,Disorganised behaviour,disorganised behaviour,"Behaviour including posture, gait, and other activity that is unpredictable or not goal-directed (e.g., shouting at strangers on the street).",,https://id.who.int/icd/release/11/2025-01/mms/1756562962,MB23.6,ICD-11 MMS Chapter 21 API,,2025-01
185,Disorganised thinking,disorganised thinking,,,,,Extracted from disease definitions (mentioned in 4 diseases),,2025-01
182,Disorientation,disorientation,,,,,Extracted from disease definitions (mentioned in 5 diseases),,2025-01
952,Disruptive behaviour,disruptive behaviour,"Behaviour that causes disorder and turmoil in others or one's environment (e.g., angry outbursts, arguments, disobedience).",,https://id.who.int/icd/release/11/2025-01/mms/1421010536,MB23.8,ICD-11 MMS Chapter 21 API,,2025-01
928,Distractibility,distractibility,Difficulty focusing on tasks; attention is easily diverted by extraneous stimuli.,,https://id.who.int/icd/release/11/2025-01/mms/1112468506,MB21.5,ICD-11 MMS Chapter 21 API,,2025-01
974,Disturbance of affect,disturbance of affect,A disturbance in the expression or outward manifestation of mood.,,https://id.who.int/icd/release/11/2025-01/mms/1248327157,MB24.6,ICD-11 MMS Chapter 21 API,,2025-01
1316,"Disturbance of affect, unspecified","disturbance of affect, unspecified",,,https://id.who.int/icd/release/11/2025-01/mms/1248327157/unspecified,MB24.6Z,ICD-11 MMS Chapter 21 API,,2025-01
1006,Disturbance of body image,disturbance of body image,"Excessively negative, distorted, or inaccurate perception of one's own body or parts of it.",,https://id.who.int/icd/release/11/2025-01/mms/1055529043,MB27.3,ICD-11 MMS Chapter 21 API,,2025-01
1128,Disturbances of skin sensation of unspecified aetiology,disturbances of skin sensation of unspecified aetiology,A group of cutaneous symptoms for which it is frequently impossible to identify a precise cause.,,https://id.who.int/icd/release/11/2025-01/mms/1252325692,ME65,ICD-11 MMS Chapter 21 API,,2025-01
1042,Disturbances of smell or taste,disturbances of smell or taste,"Disturbances of smell or taste include anosmia, parosmia, parageusia, and other disturbances of smell or taste.",,https://id.who.int/icd/release/11/2025-01/mms/367468500,MB41,ICD-11 MMS Chapter 21 API,,2025-01
1364,"Disturbances of smell or taste, unspecified","disturbances of smell or taste, unspecified",,,https://id.who.int/icd/release/11/2025-01/mms/367468500/unspecified,MB41.Z,ICD-11 MMS Chapter 21 API,,2025-01
92,Dizziness,dizziness,,,,,Extracted from disease definitions (mentioned in 26 diseases),,2025-01
1048,Dizziness or giddiness,dizziness or giddiness,"Terms which may refer to a sense of spatial disorientation, motion of the environment, or lightheadedness. Dizziness is a general feeling of being off-balance. Giddiness is the feeling that you or your surroundings are moving or spinning.",,https://id.who.int/icd/release/11/2025-01/mms/1890374210,MB48,ICD-11 MMS Chapter 21 API,,2025-01
1404,"Dizziness or giddiness, unspecified","dizziness or giddiness, unspecified",,,https://id.who.int/icd/release/11/2025-01/mms/1890374210/unspecified,MB48.Z,ICD-11 MMS Chapter 21 API,,2025-01
809,Double vision,double vision,,,,,Curated symptom vocabulary,,2025-01
820,Drooping eyelid,drooping eyelid,,,,,Curated symptom vocabulary,,2025-01
1380,Drop attack,drop attack,A sudden spontaneous fall while standing and recovery within seconds or minutes,,https://id.who.int/icd/release/11/2025-01/mms/416343420,MB46.3,ICD-11 MMS Chapter 21 API,,2025-01
619,Dry cough,dry cough,,,,,Extracted from disease definitions (mentioned in 1 diseases),,2025-01
815,Dry eyes,dry eyes,,,,,Curated symptom vocabulary,,2025-01
889,Dry hair,dry hair,,,,,Curated symptom vocabulary,,2025-01
497,Dry skin,dry skin,,,,,Extracted from disease definitions (mentioned in 1 diseases),,2025-01
659,Dull pain,dull pain,,,,,Curated symptom vocabulary,,2025-01
542,Dural Fistula,dural fistula,,,,,Extracted from disease definitions (mentioned in 1 diseases),,2025-01
194,Dysarthria,dysarthria,,,,,Extracted from disease definitions (mentioned in 4 diseases),,2025-01
353,Dysarthria Nystagmus,dysarthria nystagmus,,,,,Extracted from disease definitions (mentioned in 1 diseases),,2025-01
1744,"Dysarthria, unspecified","dysarthria, unspecified",,,https://id.who.int/icd/release/11/2025-01/mms/15113838/unspecified,MA80.2Z,ICD-11 MMS Chapter 21 API,,2025-01
1410,Dyscalculia,dyscalculia,"Dyscalculia refers to acquired difficulty with performing simple mathematical calculations that is inconsistent with general level of intellectual functioning, with onset after the developmental period in individuals who had previously attained these skills, such as due to a stroke or other brain injury.",,https://id.who.int/icd/release/11/2025-01/mms/308101648,MB4B.5,ICD-11 MMS Chapter 21 API,,2025-01
1355,Dysesthesia,dysesthesia,,,https://id.who.int/icd/release/11/2025-01/mms/1467981209,MB40.6,ICD-11 MMS Chapter 21 API,,2025-01
385,Dysfunction,dysfunction,,,,,Extracted from disease definitions (mentioned in 1 diseases),,2025-01
842,Dysgeusia,dysgeusia,,,,,Curated symptom vocabulary,,2025-01
1405,Dyslexia and alexia,dyslexia and alexia,"Dyslexia and alexia refer to the loss, usually in adulthood, of a previous ability to read fluently and to accurately comprehend written material that is inconsistent with general level of intellectual functioning and is acquired after the developmental period in individuals who had previously attained these skills, such as due to a stroke or other brain injury.",,https://id.who.int/icd/release/11/2025-01/mms/724140102,MB4B.0,ICD-11 MMS Chapter 21 API,,2025-01
266,Dysmenorrhoea,dysmenorrhoea,,,,,Extracted from disease definitions (mentioned in 2 diseases),,2025-01
205,Dyspareunia,dyspareunia,,,,,Extracted from disease definitions (mentioned in 4 diseases),,2025-01
718,Dyspepsia,dyspepsia,,,,,Curated symptom vocabulary,,2025-01
174,Dysphagia,dysphagia,,,,,Extracted from disease definitions (mentioned in 5 diseases),,2025-01
1297,Dysphasia,dysphasia,A cognitive disorder marked by an impaired ability to comprehend or express language in its written or spoken form. This condition is caused by diseases which affect the language areas of the dominant hemisphere. Clinical features are used to classify the various subtypes of this condition.,,https://id.who.int/icd/release/11/2025-01/mms/1705858040,MA80.1,ICD-11 MMS Chapter 21 API,,2025-01
1301,Dysphonia,dysphonia,Difficulty and/or pain in phonation or speaking.,,https://id.who.int/icd/release/11/2025-01/mms/936462533,MA82.1,ICD-11 MMS Chapter 21 API,,2025-01
1746,"Dysphonia, unspecified","dysphonia, unspecified",,,https://id.who.int/icd/release/11/2025-01/mms/936462533/unspecified,MA82.1Z,ICD-11 MMS Chapter 21 API,,2025-01
975,Dysphoria,dysphoria,"An unpleasant mood state, which can include feelings of depression, anxiety, discontent, irritability, and unhappiness",,https://id.who.int/icd/release/11/2025-01/mms/1979628747,MB24.7,ICD-11 MMS Chapter 21 API,,2025-01
115,Dyspnoea,dyspnoea,,,,,Extracted from disease definitions (mentioned in 16 diseases),,2025-01
898,Dyspnoea on exertion,dyspnoea on exertion,,,,,Curated symptom vocabulary,,2025-01
1043,Dyssomnia,dyssomnia,"Difficulties to fall asleep, or to remain sleeping",,https://id.who.int/icd/release/11/2025-01/mms/1037107906,MB43,ICD-11 MMS Chapter 21 API,,2025-01
153,Dystonia,dystonia,,,,,Extracted from disease definitions (mentioned in 7 diseases),,2025-01
856,Dysuria,dysuria,,,,,Curated symptom vocabulary,,2025-01
828,Ear discharge,ear discharge,,,,,Curated symptom vocabulary,,2025-01
678,Ear pain,ear pain,,,,,Curated symptom vocabulary,,2025-01
221,Easy bruising,easy bruising,,,,,Extracted from disease definitions (mentioned in 3 diseases),,2025-01
1032,Eating of non-nutritive substances,eating of non-nutritive substances,"Consumption of non-food objects and materials (e.g., clay, soil, chalk, plaster, plastic, metal and paper) or raw food ingredients (e.g., large quantities of salt or corn flour).",,https://id.who.int/icd/release/11/2025-01/mms/2124949435,MB29.2,ICD-11 MMS Chapter 21 API,,2025-01
1012,Eccentricity,eccentricity,"A tendency toward appearance or behaviour that is odd, unusual, peculiar, or unconventional, and is inconsistent with cultural or subcultural norms.",,https://id.who.int/icd/release/11/2025-01/mms/947136557,MB28.2,ICD-11 MMS Chapter 21 API,,2025-01
801,Ecchymosis,ecchymosis,,,,,Curated symptom vocabulary,,2025-01
953,Echolalia,echolalia,"The automatic repetition of vocalizations, words, or phrases uttered by another person, which may be immediate or delayed (e.g., repetition of phrases earlier heard on television), without meaningful communicative function. Echolalia is a common feature of communication abnormalities in Autism spectrum disorder, but may also occur in other Mental, behavioural or neurodevelopmental disorders and certain neurological conditions, among children with severe visual impairment, and occasionally in typically developing children. Echolalia does not include repetition as a normal feature of language acquisition in early childhood development.",,https://id.who.int/icd/release/11/2025-01/mms/928818606,MB23.9,ICD-11 MMS Chapter 21 API,,2025-01
668,Elbow pain,elbow pain,,,,,Curated symptom vocabulary,,2025-01
1723,Elevated C-reactive protein,elevated c-reactive protein,,,https://id.who.int/icd/release/11/2025-01/mms/1009806764,MA14.15,ICD-11 MMS Chapter 21 API,,2025-01
1283,Elevated blood glucose level,elevated blood glucose level,,,https://id.who.int/icd/release/11/2025-01/mms/307705857,MA18.0,ICD-11 MMS Chapter 21 API,,2025-01
1741,"Elevated blood glucose level, unspecified","elevated blood glucose level, unspecified",,,https://id.who.int/icd/release/11/2025-01/mms/307705857/unspecified,MA18.0Z,ICD-11 MMS Chapter 21 API,,2025-01
1435,"Elevated blood-pressure reading, without diagnosis of hypertension","elevated blood-pressure reading, without diagnosis of hypertension",,,https://id.who.int/icd/release/11/2025-01/mms/523963970,MC80.0,ICD-11 MMS Chapter 21 API,,2025-01
1777,"Elevated blood-pressure reading, without diagnosis of hypertension, unspecified","elevated blood-pressure reading, without diagnosis of hypertension, unspecified",,,https://id.who.int/icd/release/11/2025-01/mms/523963970/unspecified,MC80.0Z,ICD-11 MMS Chapter 21 API,,2025-01
1295,Elevated erythrocyte sedimentation rate,elevated erythrocyte sedimentation rate,,,https://id.who.int/icd/release/11/2025-01/mms/1861896171,MA1A.0,ICD-11 MMS Chapter 21 API,,2025-01
914,Elevated erythrocyte sedimentation rate or abnormality of plasma viscosity,elevated erythrocyte sedimentation rate or abnormality of plasma viscosity,,,https://id.who.int/icd/release/11/2025-01/mms/1727686912,MA1A,ICD-11 MMS Chapter 21 API,,2025-01
976,Elevated mood,elevated mood,A positive mood state typically characterised by increased energy and self-esteem which may be out of proportion to the individual's life circumstances.,,https://id.who.int/icd/release/11/2025-01/mms/1059562290,MB24.8,ICD-11 MMS Chapter 21 API,,2025-01
1206,"Elevated urine levels of drugs, medicaments and biological substances","elevated urine levels of drugs, medicaments and biological substances","Elevated urine levels of drugs, medicaments and biological substances mean that the levels of drugs, medicaments, and biological substances have elevated on the urine examination.",,https://id.who.int/icd/release/11/2025-01/mms/518336076,MF99,ICD-11 MMS Chapter 21 API,,2025-01
1737,Elevated white blood cell count,elevated white blood cell count,,,https://id.who.int/icd/release/11/2025-01/mms/1887214457,MA16.11,ICD-11 MMS Chapter 21 API,,2025-01
1261,Elevation of levels of transaminase or lactic acid dehydrogenase,elevation of levels of transaminase or lactic acid dehydrogenase,,,https://id.who.int/icd/release/11/2025-01/mms/1409586837,MA10.0,ICD-11 MMS Chapter 21 API,,2025-01
294,Emotional lability,emotional lability,,,,,Extracted from disease definitions (mentioned in 2 diseases),,2025-01
613,Enlarged Lymph Nodes,enlarged lymph nodes,,,,,Extracted from disease definitions (mentioned in 1 diseases),,2025-01
1260,"Enlarged lymph nodes, unspecified","enlarged lymph nodes, unspecified",,,https://id.who.int/icd/release/11/2025-01/mms/1564691570/unspecified,MA01.Z,ICD-11 MMS Chapter 21 API,,2025-01
1013,Entitlement,entitlement,The belief that one is inherently deserving of privileges or special treatment.,,https://id.who.int/icd/release/11/2025-01/mms/374903763,MB28.3,ICD-11 MMS Chapter 21 API,,2025-01
395,Epigastric pain,epigastric pain,,,,,Extracted from disease definitions (mentioned in 1 diseases),,2025-01
745,Epileptic fit,epileptic fit,,,,,Curated symptom vocabulary,,2025-01
508,Epileptiform Convulsions,epileptiform convulsions,,,,,Extracted from disease definitions (mentioned in 1 diseases),,2025-01
1064,Epiphora,epiphora,This is overflow of tears onto the face. A clinical sign or condition that constitutes insufficient tear film drainage from the eyes in that tears will drain down the face rather than through the nasolacrimal system.,,https://id.who.int/icd/release/11/2025-01/mms/1611503766,MC13,ICD-11 MMS Chapter 21 API,,2025-01
471,Episodes Of Bleeding,episodes of bleeding,,,,,Extracted from disease definitions (mentioned in 1 diseases),,2025-01
287,Episodes Of Joint Pain,episodes of joint pain,,,,,Extracted from disease definitions (mentioned in 2 diseases),,2025-01
211,Epistaxis,epistaxis,,,,,Extracted from disease definitions (mentioned in 4 diseases),,2025-01
60,Epstein syndrome,,"Epstein syndrome is one form of the ``MYH9 syndrome'' (a group that includes four clinical forms with similar manifestations resulting from mutations in the MYH9 gene: May-Hegglin anomaly, Sebastian syndrome, Fechtner syndrome, and Epstein syndrome), characterised by usually severe macrothrombocytopenia but paradoxically resulting in few if any symptoms. Macrothrombocytopenia is defined as the presence of giant platelets, with a diameter equal to or greater than that of a red blood cell. Epstein syndrome clinically resembles Fechtner syndrome (renal involvement marked by interstitial glomerulonephritis and sensorineural deafness associated with thrombopenia), but it can be distinguished by the absence of cataract.",,https://id.who.int/icd/entity/1379284603,,WHO ICD-11 API,,2025-01
224,Erectile Dysfunction,erectile dysfunction,,,,,Extracted from disease definitions (mentioned in 3 diseases),,2025-01
1326,Erotomanic delusion,erotomanic delusion,"A delusion that another person, usually of higher status, is in love with the individual.",,https://id.who.int/icd/release/11/2025-01/mms/1943270217,MB26.04,ICD-11 MMS Chapter 21 API,,2025-01
130,Erythema,erythema,,,,,Extracted from disease definitions (mentioned in 12 diseases),,2025-01
598,Erythema Chronicum Migrans,erythema chronicum migrans,,,,,Extracted from disease definitions (mentioned in 1 diseases),,2025-01
584,Erythema Marginatum,erythema marginatum,,,,,Extracted from disease definitions (mentioned in 1 diseases),,2025-01
430,Erythematous Scaly Plaques,erythematous scaly plaques,,,,,Extracted from disease definitions (mentioned in 1 diseases),,2025-01
149,Euphoria,euphoria,,,,,Extracted from disease definitions (mentioned in 7 diseases),,2025-01
566,Even Permanent Muscle Weakness,even permanent muscle weakness,,,,,Extracted from disease definitions (mentioned in 1 diseases),,2025-01
1557,Excess and redundant skin,excess and redundant skin,"A condition which typically occurs in formerly grossly obese individuals following massive weight loss, as following bariatric surgery or severe calorie restriction.",,https://id.who.int/icd/release/11/2025-01/mms/1440651997,ME66.2,ICD-11 MMS Chapter 21 API,,2025-01
214,Excessive,excessive,,,,,Extracted from disease definitions (mentioned in 4 diseases),,2025-01
954,"Excessive crying of child, adolescent, or adult","excessive crying of child, adolescent, or adult","Episodes of crying for several hours a day for more than several days a week for several weeks in an otherwise healthy child, adolescent, or adult.",,https://id.who.int/icd/release/11/2025-01/mms/18409657,MB23.A,ICD-11 MMS Chapter 21 API,,2025-01
1677,Excessive crying of infant,excessive crying of infant,,,https://id.who.int/icd/release/11/2025-01/mms/1851132850,MG44.0,ICD-11 MMS Chapter 21 API,,2025-01
644,Excessive hunger,excessive hunger,,,,,Curated symptom vocabulary,,2025-01
139,Excessive sleepiness,excessive sleepiness,,,,,Extracted from disease definitions (mentioned in 9 diseases),,2025-01
646,Excessive sweating,excessive sweating,,,,,Curated symptom vocabulary,,2025-01
813,Excessive tearing,excessive tearing,,,,,Curated symptom vocabulary,,2025-01
642,Excessive thirst,excessive thirst,,,,,Curated symptom vocabulary,,2025-01
1673,Excessive weight gain,excessive weight gain,"An increase in total body mass, due to increase in fluid, fat or adipose tissue, or lean (muscle) mass that is outside the expected range for normal growth and development and is sufficient in quantity or rate to create risk to the individual’s health.",,https://id.who.int/icd/release/11/2025-01/mms/493865499,MG43.6,ICD-11 MMS Chapter 21 API,,2025-01
1672,Excessive weight loss,excessive weight loss,"A reduction of total body mass, due to loss of fluid, body fat or adipose tissue, or lean (muscle) mass that is sufficient in quantity or rate to create risk to the individual’s health.",,https://id.who.int/icd/release/11/2025-01/mms/2015627151,MG43.5,ICD-11 MMS Chapter 21 API,,2025-01
1401,Exertional dizziness,exertional dizziness,,,https://id.who.int/icd/release/11/2025-01/mms/590560479,MB48.2,ICD-11 MMS Chapter 21 API,,2025-01
825,Exophthalmos,exophthalmos,,,,,Curated symptom vocabulary,,2025-01
992,"Experiences of influence, passivity, and control","experiences of influence, passivity, and control","The experience that one's feelings, impulses, thoughts, bodily functions, or behaviour are under the control of another person or other external force instead of under one's own control. These experiences may or may not be accompanied by a delusional belief that provides an explanation for the subjective experience.",,https://id.who.int/icd/release/11/2025-01/mms/1705252140,MB26.1,ICD-11 MMS Chapter 21 API,,2025-01
1341,"Experiences of influence, passivity, and control, unspecified","experiences of influence, passivity, and control, unspecified",,,https://id.who.int/icd/release/11/2025-01/mms/1705252140/unspecified,MB26.1Z,ICD-11 MMS Chapter 21 API,,2025-01
1919,Extended spectrum beta-lactamase producing Escherichia coli,extended spectrum beta-lactamase producing escherichia coli,,,https://id.who.int/icd/release/11/2025-01/mms/976332273,MG50.27,ICD-11 MMS Chapter 21 API,,2025-01
1934,Extended-spectrum beta-lactamase producing Klebsiella pneumoniae,extended-spectrum beta-lactamase producing klebsiella pneumoniae,,,https://id.who.int/icd/release/11/2025-01/mms/1681393140,MG50.56,ICD-11 MMS Chapter 21 API,,2025-01
1984,Extensively drug-resistant mycobacterium tuberculosis,extensively drug-resistant mycobacterium tuberculosis,"Extensively drug-resistant tuberculous mycobacteria are resistant to at least four of the core anti-TB drugs. XDR-TB mycobacteria are resistant to the two most powerful anti-TB drugs, isoniazid and rifampicin, also known as multidrug-resistance, in addition to resistance to any of the fluoroquinolones (such as levofloxacin or moxifloxacin) and to at least one of the three injectable second-line drugs (amikacin, capreomycin or kanamycin).",,https://id.who.int/icd/release/11/2025-01/mms/1947911830,MG52.02,ICD-11 MMS Chapter 21 API,,2025-01
1163,Extrarenal uraemia,extrarenal uraemia,,,https://id.who.int/icd/release/11/2025-01/mms/1450261561,MF53,ICD-11 MMS Chapter 21 API,,2025-01
1610,Extravasation of urine,extravasation of urine,,,https://id.who.int/icd/release/11/2025-01/mms/1201119570,MF50.5,ICD-11 MMS Chapter 21 API,,2025-01
243,Extreme Fatigue,extreme fatigue,,,,,Extracted from disease definitions (mentioned in 3 diseases),,2025-01
450,Extremities,extremities,,,,,Extracted from disease definitions (mentioned in 1 diseases),,2025-01
255,Exudate,exudate,,,,,Extracted from disease definitions (mentioned in 3 diseases),,2025-01
1061,Eye appearance abnormal,eye appearance abnormal,,,https://id.who.int/icd/release/11/2025-01/mms/1995293728,MC10,ICD-11 MMS Chapter 21 API,,2025-01
817,Eye discharge,eye discharge,,,,,Curated symptom vocabulary,,2025-01
559,Eye pain,eye pain,,,,,Extracted from disease definitions (mentioned in 1 diseases),,2025-01
811,Eye redness,eye redness,,,,,Curated symptom vocabulary,,2025-01
1062,Eye sensation abnormal,eye sensation abnormal,,,https://id.who.int/icd/release/11/2025-01/mms/1677539077,MC11,ICD-11 MMS Chapter 21 API,,2025-01
818,Eye swelling,eye swelling,,,,,Curated symptom vocabulary,,2025-01
821,Eye twitching,eye twitching,,,,,Curated symptom vocabulary,,2025-01
350,Facial pain,facial pain,,,,,Extracted from disease definitions (mentioned in 1 diseases),,2025-01
440,Facial swelling,facial swelling,,,,,Extracted from disease definitions (mentioned in 1 diseases),,2025-01
191,Faecal incontinence,faecal incontinence,,,,,Extracted from disease definitions (mentioned in 4 diseases),,2025-01
1802,"Faecal incontinence, unspecified","faecal incontinence, unspecified",,,https://id.who.int/icd/release/11/2025-01/mms/790417430/unspecified,ME07.Z,ICD-11 MMS Chapter 21 API,,2025-01
1798,Faecal smearing,faecal smearing,,,https://id.who.int/icd/release/11/2025-01/mms/581626198,ME07.0,ICD-11 MMS Chapter 21 API,,2025-01
1800,Faecal urgency,faecal urgency,,,https://id.who.int/icd/release/11/2025-01/mms/1637975213,ME07.2,ICD-11 MMS Chapter 21 API,,2025-01
1897,Failure to thrive in infant or child,failure to thrive in infant or child,When an infant or child's current weight or rate of weight gain is significantly below that of other children of similar age and gender.,,https://id.who.int/icd/release/11/2025-01/mms/1232517390,MG44.11,ICD-11 MMS Chapter 21 API,,2025-01
203,Fainting,fainting,,,,,Extracted from disease definitions (mentioned in 4 diseases),,2025-01
200,Falls,falls,,,,,Extracted from disease definitions (mentioned in 4 diseases),,2025-01
1724,False-positive serological test for syphilis,false-positive serological test for syphilis,,,https://id.who.int/icd/release/11/2025-01/mms/1486709569,MA14.16,ICD-11 MMS Chapter 21 API,,2025-01
1900,Familial short stature,familial short stature,Short stature of a child or adolescent (below 3rd percentile) with one or both parents with an adult height below 3rd percentile. Combination with constitutional delay of growth and puberty may occur.,,https://id.who.int/icd/release/11/2025-01/mms/1962465719,MG44.14,ICD-11 MMS Chapter 21 API,,2025-01
1389,Fasciculation,fasciculation,,,https://id.who.int/icd/release/11/2025-01/mms/1814274334,MB47.5,ICD-11 MMS Chapter 21 API,,2025-01
261,Fasciculations,fasciculations,,,,,Extracted from disease definitions (mentioned in 2 diseases),,2025-01
81,Fatigue,fatigue,,,,,Extracted from disease definitions (mentioned in 74 diseases),,2025-01
459,Fatigue As Well As Respiratory Complaints Including Dyspnoea,fatigue as well as respiratory complaints including dyspnoea,,,,,Extracted from disease definitions (mentioned in 1 diseases),,2025-01
351,Fatigue Of Previously Affected Muscles May Be Seen,fatigue of previously affected muscles may be seen,,,,,Extracted from disease definitions (mentioned in 1 diseases),,2025-01
729,Fatty stools,fatty stools,,,,,Curated symptom vocabulary,,2025-01
977,Fear,fear,An emotional response to perceived imminent threat or danger associated with urges to flee or fight.,,https://id.who.int/icd/release/11/2025-01/mms/1096385425,MB24.A,ICD-11 MMS Chapter 21 API,,2025-01
1864,Fear of breast cancer female,fear of breast cancer female,,,https://id.who.int/icd/release/11/2025-01/mms/434402267,MG24.01,ICD-11 MMS Chapter 21 API,,2025-01
1638,Fear of cancer,fear of cancer,,,https://id.who.int/icd/release/11/2025-01/mms/1907420475,MG24.0,ICD-11 MMS Chapter 21 API,,2025-01
1863,Fear of cancer of digestive system,fear of cancer of digestive system,This refers to worrying about having a cancer of the digestive system.,,https://id.who.int/icd/release/11/2025-01/mms/173408598,MG24.00,ICD-11 MMS Chapter 21 API,,2025-01
1867,"Fear of cancer, unspecified","fear of cancer, unspecified",,,https://id.who.int/icd/release/11/2025-01/mms/1907420475/unspecified,MG24.0Z,ICD-11 MMS Chapter 21 API,,2025-01
1645,Fear of cardiovascular disease,fear of cardiovascular disease,,,https://id.who.int/icd/release/11/2025-01/mms/1204029163,MG24.7,ICD-11 MMS Chapter 21 API,,2025-01
1651,Fear of complications of pregnancy,fear of complications of pregnancy,,,https://id.who.int/icd/release/11/2025-01/mms/183796932,MG24.D,ICD-11 MMS Chapter 21 API,,2025-01
1211,Fear of death or dying,fear of death or dying,,,https://id.who.int/icd/release/11/2025-01/mms/1395867488,MG23,ICD-11 MMS Chapter 21 API,,2025-01
1641,Fear of digestive disease,fear of digestive disease,This is a health anxiety and refers to worrying about having a digestive disease.,,https://id.who.int/icd/release/11/2025-01/mms/1036329000,MG24.3,ICD-11 MMS Chapter 21 API,,2025-01
1212,Fear of disease,fear of disease,,,https://id.who.int/icd/release/11/2025-01/mms/1176751173,MG24,ICD-11 MMS Chapter 21 API,,2025-01
1658,"Fear of disease, unspecified","fear of disease, unspecified",,,https://id.who.int/icd/release/11/2025-01/mms/1176751173/unspecified,MG24.Z,ICD-11 MMS Chapter 21 API,,2025-01
1649,"Fear of endocrine, metabolic or nutritional disease","fear of endocrine, metabolic or nutritional disease",,,https://id.who.int/icd/release/11/2025-01/mms/1092141037,MG24.B,ICD-11 MMS Chapter 21 API,,2025-01
1642,Fear of eye disease,fear of eye disease,,,https://id.who.int/icd/release/11/2025-01/mms/1696392323,MG24.4,ICD-11 MMS Chapter 21 API,,2025-01
1653,Fear of female genital or breast disease,fear of female genital or breast disease,,,https://id.who.int/icd/release/11/2025-01/mms/779571877,MG24.F,ICD-11 MMS Chapter 21 API,,2025-01
1865,Fear of genital cancer male,fear of genital cancer male,,,https://id.who.int/icd/release/11/2025-01/mms/2028788114,MG24.02,ICD-11 MMS Chapter 21 API,,2025-01
1655,Fear of genital disease male,fear of genital disease male,,,https://id.who.int/icd/release/11/2025-01/mms/1256525205,MG24.H,ICD-11 MMS Chapter 21 API,,2025-01
1640,Fear of haematological disease,fear of haematological disease,,,https://id.who.int/icd/release/11/2025-01/mms/588081624,MG24.2,ICD-11 MMS Chapter 21 API,,2025-01
1643,Fear of heart disease,fear of heart disease,,,https://id.who.int/icd/release/11/2025-01/mms/1334495976,MG24.5,ICD-11 MMS Chapter 21 API,,2025-01
1639,Fear of human immunodeficiency virus,fear of human immunodeficiency virus,,,https://id.who.int/icd/release/11/2025-01/mms/785993890,MG24.1,ICD-11 MMS Chapter 21 API,,2025-01
1644,Fear of hypertension,fear of hypertension,,,https://id.who.int/icd/release/11/2025-01/mms/1884759957,MG24.6,ICD-11 MMS Chapter 21 API,,2025-01
1656,Fear of mental disorder,fear of mental disorder,,,https://id.who.int/icd/release/11/2025-01/mms/1787333796,MG24.J,ICD-11 MMS Chapter 21 API,,2025-01
1646,Fear of musculoskeletal disease,fear of musculoskeletal disease,,,https://id.who.int/icd/release/11/2025-01/mms/150667282,MG24.8,ICD-11 MMS Chapter 21 API,,2025-01
1647,Fear of neurological disease,fear of neurological disease,,,https://id.who.int/icd/release/11/2025-01/mms/1895376276,MG24.9,ICD-11 MMS Chapter 21 API,,2025-01
1657,Fear of other specified disease,fear of other specified disease,,,https://id.who.int/icd/release/11/2025-01/mms/1176751173/other,MG24.Y,ICD-11 MMS Chapter 21 API,,2025-01
1648,Fear of respiratory disease,fear of respiratory disease,,,https://id.who.int/icd/release/11/2025-01/mms/683609643,MG24.A,ICD-11 MMS Chapter 21 API,,2025-01
1652,Fear of sexually transmitted disease female,fear of sexually transmitted disease female,,,https://id.who.int/icd/release/11/2025-01/mms/716967274,MG24.E,ICD-11 MMS Chapter 21 API,,2025-01
1654,Fear of sexually transmitted disease male,fear of sexually transmitted disease male,,,https://id.who.int/icd/release/11/2025-01/mms/1364910341,MG24.G,ICD-11 MMS Chapter 21 API,,2025-01
1650,Fear of urinary disease,fear of urinary disease,,,https://id.who.int/icd/release/11/2025-01/mms/800395762,MG24.C,ICD-11 MMS Chapter 21 API,,2025-01
59,Fechtner syndrome,,"Fechtner syndrome is one of the MYH9 syndromes (a group that includes four clinical forms with similar manifestations resulting from mutations in the MYH9 gene: May-Hegglin anomaly and Sebastian and Epstein syndromes) which are characterised by a macrothrombocytopenia that is usually severe but paradoxically results in few if any symptoms. Macrothrombocytopenia is defined by the presence of giant platelets, with a diameter equal or superior to the diameter of a red cell. Fechtner syndrome inconstantly associates renal involvement (interstitial glomerulonephritis), sensorineural deafness (especially in the high frequency range), and cataract (potentially bilateral).",,https://id.who.int/icd/entity/1993570575,,WHO ICD-11 API,,2025-01
1670,Feeding difficulties,feeding difficulties,,,https://id.who.int/icd/release/11/2025-01/mms/197825563,MG43.3,ICD-11 MMS Chapter 21 API,,2025-01
1891,"Feeding difficulties, unspecified","feeding difficulties, unspecified",,,https://id.who.int/icd/release/11/2025-01/mms/197825563/unspecified,MG43.3Z,ICD-11 MMS Chapter 21 API,,2025-01
1890,Feeding problem of adult,feeding problem of adult,,,https://id.who.int/icd/release/11/2025-01/mms/1337434216,MG43.32,ICD-11 MMS Chapter 21 API,,2025-01
1889,Feeding problem of child,feeding problem of child,,,https://id.who.int/icd/release/11/2025-01/mms/1911425995,MG43.31,ICD-11 MMS Chapter 21 API,,2025-01
1888,Feeding problem of infant,feeding problem of infant,,,https://id.who.int/icd/release/11/2025-01/mms/2010788903,MG43.30,ICD-11 MMS Chapter 21 API,,2025-01
1213,Feeling ill,feeling ill,,,https://id.who.int/icd/release/11/2025-01/mms/1841264793,MG25,ICD-11 MMS Chapter 21 API,,2025-01
1859,Feeling of incomplete bladder emptying,feeling of incomplete bladder emptying,A sensation that the bladder is not empty after voiding.,,https://id.who.int/icd/release/11/2025-01/mms/1085073291,MF50.64,ICD-11 MMS Chapter 21 API,,2025-01
978,Feelings of guilt,feelings of guilt,"Remorse related to past events or one's past actions (or inaction), thoughts, or desires.",,https://id.who.int/icd/release/11/2025-01/mms/487481744,MB24.B,ICD-11 MMS Chapter 21 API,,2025-01
759,Festinating gait,festinating gait,,,,,Curated symptom vocabulary,,2025-01
78,Fever,fever,,,,,Extracted from disease definitions (mentioned in 139 diseases),,2025-01
1214,Fever of other or unknown origin,fever of other or unknown origin,"An abnormal elevation of body temperature of unknown origin, often as a result of a pathologic process.",,https://id.who.int/icd/release/11/2025-01/mms/915343154,MG26,ICD-11 MMS Chapter 21 API,,2025-01
1191,Fibronectin glomerulopathy,fibronectin glomerulopathy,"Fibronectin glomerulopathy is a rare hereditary kidney disease in which fibronectin (FN1) deposits are seen in the mesangium and subendothelial space. The clinical picture is characterised by proteinuria, type IV renal tubular acidosis, microscopic haematuria and hypertension that may lead to end-stage renal failure in the second to sixth decade of life. This disease may be associated with mutations in the FN1 gene.",,https://id.who.int/icd/release/11/2025-01/mms/1877494378,MF81,ICD-11 MMS Chapter 21 API,,2025-01
824,Field of vision loss,field of vision loss,,,,,Curated symptom vocabulary,,2025-01
1270,Finding of abnormal level of heavy metals in blood,finding of abnormal level of heavy metals in blood,,,https://id.who.int/icd/release/11/2025-01/mms/1760130691,MA13.0,ICD-11 MMS Chapter 21 API,,2025-01
1717,Finding of abnormal level of other specified heavy metals in blood,finding of abnormal level of other specified heavy metals in blood,,,https://id.who.int/icd/release/11/2025-01/mms/1760130691/other,MA13.0Y,ICD-11 MMS Chapter 21 API,,2025-01
1271,Finding of alcohol in blood,finding of alcohol in blood,,,https://id.who.int/icd/release/11/2025-01/mms/453502231,MA13.1,ICD-11 MMS Chapter 21 API,,2025-01
1265,Finding of cocaine in blood,finding of cocaine in blood,,,https://id.who.int/icd/release/11/2025-01/mms/182548604,MA12.1,ICD-11 MMS Chapter 21 API,,2025-01
1266,Finding of hallucinogen in blood,finding of hallucinogen in blood,,,https://id.who.int/icd/release/11/2025-01/mms/1873458666,MA12.2,ICD-11 MMS Chapter 21 API,,2025-01
1264,Finding of opiate drug in blood,finding of opiate drug in blood,,,https://id.who.int/icd/release/11/2025-01/mms/2118920323,MA12.0,ICD-11 MMS Chapter 21 API,,2025-01
1267,Finding of psychotropic drug in blood,finding of psychotropic drug in blood,,,https://id.who.int/icd/release/11/2025-01/mms/2031086568,MA12.3,ICD-11 MMS Chapter 21 API,,2025-01
1268,Finding of steroid agent in blood,finding of steroid agent in blood,,,https://id.who.int/icd/release/11/2025-01/mms/228768535,MA12.4,ICD-11 MMS Chapter 21 API,,2025-01
366,Finger clubbing,finger clubbing,,,,,Extracted from disease definitions (mentioned in 1 diseases),,2025-01
175,Fistula,fistula,,,,,Extracted from disease definitions (mentioned in 5 diseases),,2025-01
1753,Flaccid diplegia of upper extremities,flaccid diplegia of upper extremities,,,https://id.who.int/icd/release/11/2025-01/mms/432727256,MB51.0,ICD-11 MMS Chapter 21 API,,2025-01
1757,Flaccid hemiplegia,flaccid hemiplegia,This is a severe or complete loss of motor function on one side of the body with limp and relaxed muscles.,,https://id.who.int/icd/release/11/2025-01/mms/1478817379,MB53.1,ICD-11 MMS Chapter 21 API,,2025-01
1763,Flaccid monoplegia of lower extremity,flaccid monoplegia of lower extremity,,,https://id.who.int/icd/release/11/2025-01/mms/122391296,MB55.0,ICD-11 MMS Chapter 21 API,,2025-01
1760,Flaccid monoplegia of upper extremity,flaccid monoplegia of upper extremity,,,https://id.who.int/icd/release/11/2025-01/mms/1718614123,MB54.0,ICD-11 MMS Chapter 21 API,,2025-01
1750,Flaccid tetraplegia,flaccid tetraplegia,This is a severe or complete loss of motor function in all four limbs with limp and relaxed muscles.,,https://id.who.int/icd/release/11/2025-01/mms/755893924,MB50.0,ICD-11 MMS Chapter 21 API,,2025-01
665,Flank pain,flank pain,,,,,Curated symptom vocabulary,,2025-01
823,Flashes of light,flashes of light,,,,,Curated symptom vocabulary,,2025-01
410,Flat,flat,,,,,Extracted from disease definitions (mentioned in 1 diseases),,2025-01
1312,Flat affect,flat affect,Absence or near absence of any sign of affective expression.,,https://id.who.int/icd/release/11/2025-01/mms/791849696,MB24.62,ICD-11 MMS Chapter 21 API,,2025-01
720,Flatulence,flatulence,,,,,Curated symptom vocabulary,,2025-01
1496,Flatulence and related conditions,flatulence and related conditions,Production or presence of gas in the gastrointestinal tract which may be expelled through the anus and other conditions associated with the production or presence of gas in the GI tract.,,https://id.who.int/icd/release/11/2025-01/mms/1247223172,ME08,ICD-11 MMS Chapter 21 API,,2025-01
986,Flight of ideas,flight of ideas,"A nearly continuous flow of thoughts, usually manifested in speech, with rapid changes from topic to topic that are often based on understandable associations, distracting stimuli, or plays on words. In severe cases, the changes may be so rapid that speech is disorganised and incoherent.",,https://id.who.int/icd/release/11/2025-01/mms/2099706633,MB25.1,ICD-11 MMS Chapter 21 API,,2025-01
822,Floaters,floaters,,,,,Curated symptom vocabulary,,2025-01
1793,Fluid in peritoneal cavity,fluid in peritoneal cavity,,,https://id.who.int/icd/release/11/2025-01/mms/1783043910,ME04.0,ICD-11 MMS Chapter 21 API,,2025-01
492,Flushing,flushing,,,,,Extracted from disease definitions (mentioned in 1 diseases),,2025-01
630,Followed By A Skin Rash Typically In The Facial Region,followed by a skin rash typically in the facial region,,,,,Extracted from disease definitions (mentioned in 1 diseases),,2025-01
423,Followed By Fever,followed by fever,,,,,Extracted from disease definitions (mentioned in 1 diseases),,2025-01
675,Foot pain,foot pain,,,,,Curated symptom vocabulary,,2025-01
751,Forgetfulness,forgetfulness,,,,,Curated symptom vocabulary,,2025-01
112,Frequency,frequency,,,,,Extracted from disease definitions (mentioned in 16 diseases),,2025-01
511,Frequent,frequent,,,,,Extracted from disease definitions (mentioned in 1 diseases),,2025-01
1607,Frequent micturition,frequent micturition,Needing to urinate more often than normal.,,https://id.who.int/icd/release/11/2025-01/mms/403610249,MF50.0,ICD-11 MMS Chapter 21 API,,2025-01
849,Frequent urination,frequent urination,,,,,Curated symptom vocabulary,,2025-01
860,Frothy urine,frothy urine,,,,,Curated symptom vocabulary,,2025-01
475,Function,function,,,,,Extracted from disease definitions (mentioned in 1 diseases),,2025-01
1766,Functional level of injury of cervical spinal cord,functional level of injury of cervical spinal cord,,,https://id.who.int/icd/release/11/2025-01/mms/2090628044,MB57.0,ICD-11 MMS Chapter 21 API,,2025-01
1768,Functional level of injury of lumbar spinal cord,functional level of injury of lumbar spinal cord,,,https://id.who.int/icd/release/11/2025-01/mms/1844842838,MB57.2,ICD-11 MMS Chapter 21 API,,2025-01
1418,Functional level of injury of spinal cord,functional level of injury of spinal cord,,,https://id.who.int/icd/release/11/2025-01/mms/1974584933,MB57,ICD-11 MMS Chapter 21 API,,2025-01
1769,"Functional level of injury of spinal cord, sacrum","functional level of injury of spinal cord, sacrum",,,https://id.who.int/icd/release/11/2025-01/mms/1393570590,MB57.3,ICD-11 MMS Chapter 21 API,,2025-01
1771,"Functional level of injury of spinal cord, unspecified","functional level of injury of spinal cord, unspecified",,,https://id.who.int/icd/release/11/2025-01/mms/1974584933/unspecified,MB57.Z,ICD-11 MMS Chapter 21 API,,2025-01
1767,Functional level of injury of thoracic spinal cord,functional level of injury of thoracic spinal cord,,,https://id.who.int/icd/release/11/2025-01/mms/327692789,MB57.1,ICD-11 MMS Chapter 21 API,,2025-01
1848,Functional urinary incontinence,functional urinary incontinence,"Urinary incontinence due to cognitive impairment, or severe physical disability or immobility",,https://id.who.int/icd/release/11/2025-01/mms/1140964489,MF50.23,ICD-11 MMS Chapter 21 API,,2025-01
1277,Fungaemia,fungaemia,,,https://id.who.int/icd/release/11/2025-01/mms/910665623,MA15.1,ICD-11 MMS Chapter 21 API,,2025-01
520,Gait disturbance,gait disturbance,,,,,Extracted from disease definitions (mentioned in 1 diseases),,2025-01
886,Galactorrhoea,galactorrhoea,,,,,Curated symptom vocabulary,,2025-01
1090,Gangrene,gangrene,"Gangrene, not elsewhere classified is the death of tissues in the body which happens when a part of the body loses its blood supply.",,https://id.who.int/icd/release/11/2025-01/mms/188156827,MC85,ICD-11 MMS Chapter 21 API,,2025-01
1522,Gastrointestinal bleeding,gastrointestinal bleeding,,,https://id.who.int/icd/release/11/2025-01/mms/2044414353,ME24.9,ICD-11 MMS Chapter 21 API,,2025-01
1813,"Gastrointestinal bleeding, unspecified","gastrointestinal bleeding, unspecified",,,https://id.who.int/icd/release/11/2025-01/mms/2044414353/unspecified,ME24.9Z,ICD-11 MMS Chapter 21 API,,2025-01
246,General Malaise,general malaise,,,,,Extracted from disease definitions (mentioned in 3 diseases),,2025-01
634,Generalised Lymphadenopathy,generalised lymphadenopathy,,,,,Extracted from disease definitions (mentioned in 1 diseases),,2025-01
1487,Generalised abdominal pain,generalised abdominal pain,"Pain, an unpleasant distress sensation occurring in varying degrees of severity, or cramps, spasmodic contraction causing severe pain in the abdominal area in general.",,https://id.who.int/icd/release/11/2025-01/mms/330423944,MD81.2,ICD-11 MMS Chapter 21 API,,2025-01
1259,Generalised lymph node enlargement,generalised lymph node enlargement,,,https://id.who.int/icd/release/11/2025-01/mms/1115727458,MA01.1,ICD-11 MMS Chapter 21 API,,2025-01
1660,Generalised oedema,generalised oedema,,,https://id.who.int/icd/release/11/2025-01/mms/464234830,MG29.1,ICD-11 MMS Chapter 21 API,,2025-01
650,Generalised swelling,generalised swelling,,,,,Curated symptom vocabulary,,2025-01
1052,Gerstmann syndrome,gerstmann syndrome,"Gerstmann syndrome is a very rare neurological disorder characterised by the specific association of acalculia, finger agnosia, left-right disorientation, and agraphia, which is supposed to be secondary to a focal subcortical white matter damage in the parietal lobe.",,https://id.who.int/icd/release/11/2025-01/mms/1121787098,MB4C,ICD-11 MMS Chapter 21 API,,2025-01
383,Giggle Incontinence,giggle incontinence,,,,,Extracted from disease definitions (mentioned in 1 diseases),,2025-01
332,Global Neurocognitive Impairment,global neurocognitive impairment,,,,,Extracted from disease definitions (mentioned in 1 diseases),,2025-01
503,Glossitis,glossitis,,,,,Extracted from disease definitions (mentioned in 1 diseases),,2025-01
1201,Glycosuria,glycosuria,,,https://id.who.int/icd/release/11/2025-01/mms/1406987921,MF93,ICD-11 MMS Chapter 21 API,,2025-01
887,Goitre,goitre,,,,,Curated symptom vocabulary,,2025-01
1327,Grandiose delusion,grandiose delusion,"A delusion of inflated worth, power, knowledge, identity, or special relationship to a deity or famous person.",,https://id.who.int/icd/release/11/2025-01/mms/202188998,MB26.05,ICD-11 MMS Chapter 21 API,,2025-01
993,Grandiosity,grandiosity,"Exaggerated self-esteem or an unrealistic belief in one's superiority, importance, capacities, or identity.",,https://id.who.int/icd/release/11/2025-01/mms/905350773,MB26.2,ICD-11 MMS Chapter 21 API,,2025-01
679,Groin pain,groin pain,,,,,Curated symptom vocabulary,,2025-01
219,Growth retardation,growth retardation,,,,,Extracted from disease definitions (mentioned in 3 diseases),,2025-01
845,Gum pain,gum pain,,,,,Curated symptom vocabulary,,2025-01
1342,Gustatory hallucinations,gustatory hallucinations,Hallucinations of taste in the absence of an actual external stimulus.,,https://id.who.int/icd/release/11/2025-01/mms/842865082,MB27.21,ICD-11 MMS Chapter 21 API,,2025-01
895,Gynaecomastia,gynaecomastia,,,,,Curated symptom vocabulary,,2025-01
272,Haematemesis,haematemesis,,,,,Extracted from disease definitions (mentioned in 2 diseases),,2025-01
413,Haematochezia,haematochezia,,,,,Extracted from disease definitions (mentioned in 1 diseases),,2025-01
436,Haematuria,haematuria,,,,,Extracted from disease definitions (mentioned in 1 diseases),,2025-01
1854,"Haematuria, unspecified","haematuria, unspecified",,,https://id.who.int/icd/release/11/2025-01/mms/2016050353/unspecified,MF50.4Z,ICD-11 MMS Chapter 21 API,,2025-01
38,Haemoglobin Koya Dora,,"A disease caused by genetically inherited factors affecting the alpha 2 stop codon in the alpha chain of the haemoglobin molecule. This disease is characterised by structural abnormalities of the haemoglobin molecule. Carriers of this disease may present with by alpha thalassemia like symptoms: pallor, fatigue, shortness of breath. Confirmation is by identification of mutation in the alpha 2 stop codon by genetic testing.",,https://id.who.int/icd/entity/59493866,,WHO ICD-11 API,,2025-01
1202,Haemoglobinuria,haemoglobinuria,"The presence of free haemoglobin in the urine, indicating haemolysis of erythrocytes within the vascular system. After saturating the haemoglobin-binding proteins (haptoglobins), free haemoglobin begins to appear in the urine.",,https://id.who.int/icd/release/11/2025-01/mms/138440778,MF94,ICD-11 MMS Chapter 21 API,,2025-01
1733,"Haemolysis, not elsewhere classified","haemolysis, not elsewhere classified",,,https://id.who.int/icd/release/11/2025-01/mms/1493458947,MA16.00,ICD-11 MMS Chapter 21 API,,2025-01
461,Haemolytic Anaemia,haemolytic anaemia,,,,,Extracted from disease definitions (mentioned in 1 diseases),,2025-01
64,Haemolytic anaemia due to gamma-glutamylcysteine synthetase deficiency,,"Gamma-glutamylcysteine synthetase deficiency is a constitutional haemolytic anaemia, (usually rather mild), associated with the presence of neurological signs.",,https://id.who.int/icd/entity/1317802710,,WHO ICD-11 API,,2025-01
65,Haemolytic anaemia due to glucose-6-phosphate dehydrogenase deficiency,,"Glucose-6-phosphate dehydrogenase (G6PD) deficiency is the most common hereditary erythrocyte enzyme deficiency that can manifest with severe neonatal jaundice which can lead to serious neurological consequences, or, most often, with acute haemolytic anaemia following ingestion of certain foods (fava beans), common drugs (some antimalaria drugs, sulphamides, analgesics), or in the course of an infection, in otherwise asymptomatic individuals.",,https://id.who.int/icd/entity/506935822,,WHO ICD-11 API,,2025-01
63,Haemolytic anaemia due to glutathione synthetase deficiency,,"Glutathione synthetase deficiency is an inborn error of glutathione metabolism characterised by haemolytic anaemia, associated with metabolic acidosis and 5-oxoprolinuria in moderate forms, and with progressive neurological symptoms and recurrent bacterial infections in the most severe forms.",,https://id.who.int/icd/entity/2135206332,,WHO ICD-11 API,,2025-01
66,Haemolytic anaemia due to triose phosphate-isomerase deficiency,,"Triose-phosphate isomerase deficiency is a severe multisystem inborn error of metabolism characterised by early-onset chronic haemolytic anaemia, always present, and progressive neurological involvement that starts between 6 and 30 months of age. Other clinical signs can be observed, in particular, diaphragm paralysis that requires assisted ventilation, cardiomyopathy and an increased susceptibility to infections.",,https://id.who.int/icd/entity/475025488,,WHO ICD-11 API,,2025-01
280,Haemoptysis,haemoptysis,,,,,Extracted from disease definitions (mentioned in 2 diseases),,2025-01
96,Haemorrhage,haemorrhage,,,,,Extracted from disease definitions (mentioned in 23 diseases),,2025-01
390,Haemorrhage Into The Decidua,haemorrhage into the decidua,,,,,Extracted from disease definitions (mentioned in 1 diseases),,2025-01
1465,Haemorrhage from other sites in respiratory passages,haemorrhage from other sites in respiratory passages,,,https://id.who.int/icd/release/11/2025-01/mms/717617622,MD23,ICD-11 MMS Chapter 21 API,,2025-01
1097,Haemorrhage from respiratory passages,haemorrhage from respiratory passages,"Haemorrhage from respiratory passages is the bleeding from upper respiratory tract or lower respiratory tract. The major passages and structures of the upper respiratory tract include the nose or nostrils, nasal cavity, mouth, pharynx, and larynx. The major passages and structures of the lower respiratory tract include the trachea and within the lungs, the bronchi, bronchioles, and alveoli.",,https://id.who.int/icd/release/11/2025-01/mms/496129435,,ICD-11 MMS Chapter 21 API,,2025-01
1467,"Haemorrhage from respiratory passages, unspecified","haemorrhage from respiratory passages, unspecified",,,https://id.who.int/icd/release/11/2025-01/mms/496129435/unspecified,MD2Z,ICD-11 MMS Chapter 21 API,,2025-01
1464,Haemorrhage from throat,haemorrhage from throat,Haemorrhage from throat is the bleeding from throat. Throat is a tube that carries food to oesophagus and air to windpipe and larynx.,,https://id.who.int/icd/release/11/2025-01/mms/1091154582,MD21,ICD-11 MMS Chapter 21 API,,2025-01
1815,Haemorrhage of anus and rectum,haemorrhage of anus and rectum,"Bleeding from anus and anal canal. The bleeding due to specific diseases classified elsewhere (haemorrhoid, cancer, infection etc) is excluded from here.",,https://id.who.int/icd/release/11/2025-01/mms/460842104,ME24.A1,ICD-11 MMS Chapter 21 API,,2025-01
1215,"Haemorrhage, not elsewhere classified","haemorrhage, not elsewhere classified",Bleeding or escape of blood from a vessel.,,https://id.who.int/icd/release/11/2025-01/mms/940081636,MG27,ICD-11 MMS Chapter 21 API,,2025-01
230,Hair loss,hair loss,,,,,Extracted from disease definitions (mentioned in 3 diseases),,2025-01
890,Hair thinning,hair thinning,,,,,Curated symptom vocabulary,,2025-01
1491,Halitosis,halitosis,"Halitosis is an oral health condition in which one's mouth emits a foul odour. There are many causes of halitosis such as poor oral hygiene, tobacco and/or alcohol, and possibly a medical condition such as respiratory and digestive tract disorders.",,https://id.who.int/icd/release/11/2025-01/mms/1896266034,MD94,ICD-11 MMS Chapter 21 API,,2025-01
93,Hallucinations,hallucinations,,,,,Extracted from disease definitions (mentioned in 26 diseases),,2025-01
320,Hallucinations In Any Modality,hallucinations in any modality,,,,,Extracted from disease definitions (mentioned in 1 diseases),,2025-01
1349,"Hallucinations, unspecified","hallucinations, unspecified",,,https://id.who.int/icd/release/11/2025-01/mms/665363966/unspecified,MB27.2Z,ICD-11 MMS Chapter 21 API,,2025-01
670,Hand pain,hand pain,,,,,Curated symptom vocabulary,,2025-01
1226,Hangover,hangover,,,https://id.who.int/icd/release/11/2025-01/mms/1466202482,MG49,ICD-11 MMS Chapter 21 API,,2025-01
34,Hashimoto-Pritzker syndrome,,"Hashimoto-Pritzker syndrome, also known as congenital self-healing reticulo-histiocytosis or Hashimoto-Pritzker histiocytosis (HPH) is a variant of Langerhans cell histiocytosis. Classic signs and symptoms include congenital or early development of red-brown skin lesions in the form of painless papules, nodules or plaques with spontaneous regression in 2-3 months, and increase of a type of immune cells known as Langerhans cell histiocytes. An excess of immature Langerhans cells usually forms tumors called granulomas. Most patients have multiple lesions, but in about 25% of cases there is only one lesion. Development of lesions in adulthood, recurrence of the disease, as well as lung and eye involvement, are very rare.",,https://id.who.int/icd/entity/1011705244,,WHO ICD-11 API,,2025-01
260,Head,head,,,,,Extracted from disease definitions (mentioned in 2 diseases),,2025-01
1374,Head drop,head drop,,,https://id.who.int/icd/release/11/2025-01/mms/325289630,MB45.3,ICD-11 MMS Chapter 21 API,,2025-01
80,Headache,headache,,,,,Extracted from disease definitions (mentioned in 78 diseases),,2025-01
2018,Headache or orofacial pain associated with chronic secondary temporomandibular disorders,headache or orofacial pain associated with chronic secondary temporomandibular disorders,"Chronic secondary temporomandibular disorder pain is chronic pain in the temporomandibular joint(s) or masseter or temporalis muscle(s) associated with persistent inflammation (due to e.g. infection, crystal deposition or autoimmune disorders), structural changes (such as osteoarthritis or spondylosis), injury, or diseases of the nervous system. It occurs on at least 50% of the days during at least three months. The duration of pain per day is at least 2 hours. If the etiology is vague, consider using codes in the section of chronic primary pain.",,https://id.who.int/icd/release/11/2025-01/mms/1916173590,MG30.63,ICD-11 MMS Chapter 21 API,,2025-01
1053,"Headache, not elsewhere classified","headache, not elsewhere classified","Headache with characteristic features suggesting that it is a unique diagnostic entity, a finding or complaint, but not fulfilling criteria for any of the headache disorders described above.",,https://id.who.int/icd/release/11/2025-01/mms/1405405864,MB4D,ICD-11 MMS Chapter 21 API,,2025-01
167,Headaches,headaches,,,,,Extracted from disease definitions (mentioned in 5 diseases),,2025-01
125,Hearing loss,hearing loss,,,,,Extracted from disease definitions (mentioned in 14 diseases),,2025-01
372,Heart palpitations,heart palpitations,,,,,Extracted from disease definitions (mentioned in 1 diseases),,2025-01
715,Heartburn,heartburn,,,,,Curated symptom vocabulary,,2025-01
268,Heat,heat,,,,,Extracted from disease definitions (mentioned in 2 diseases),,2025-01
649,Heat intolerance,heat intolerance,,,,,Curated symptom vocabulary,,2025-01
377,Heavy,heavy,,,,,Extracted from disease definitions (mentioned in 1 diseases),,2025-01
873,Heavy periods,heavy periods,,,,,Curated symptom vocabulary,,2025-01
676,Heel pain,heel pain,,,,,Curated symptom vocabulary,,2025-01
345,Hemiplegia,hemiplegia,,,,,Extracted from disease definitions (mentioned in 1 diseases),,2025-01
1759,"Hemiplegia, unspecified","hemiplegia, unspecified",,,https://id.who.int/icd/release/11/2025-01/mms/1641958762/unspecified,MB53.Z,ICD-11 MMS Chapter 21 API,,2025-01
218,Hepatomegaly,hepatomegaly,,,,,Extracted from disease definitions (mentioned in 3 diseases),,2025-01
1501,Hepatomegaly or splenomegaly,hepatomegaly or splenomegaly,Hepatomegaly is swelling of the liver beyond its normal size and splenomegaly is an enlargement of the spleen beyond its normal size.,,https://id.who.int/icd/release/11/2025-01/mms/1538359529,ME10.0,ICD-11 MMS Chapter 21 API,,2025-01
1805,Hepatomegaly with splenomegaly,hepatomegaly with splenomegaly,"This refers to swelling of the liver and spleen beyond its normal size, not elsewhere described.",,https://id.who.int/icd/release/11/2025-01/mms/952216039,ME10.02,ICD-11 MMS Chapter 21 API,,2025-01
1803,"Hepatomegaly, not elsewhere classified","hepatomegaly, not elsewhere classified",,,https://id.who.int/icd/release/11/2025-01/mms/690435214,ME10.00,ICD-11 MMS Chapter 21 API,,2025-01
289,Hepatosplenomegaly,hepatosplenomegaly,,,,,Extracted from disease definitions (mentioned in 2 diseases),,2025-01
73,Hereditary afibrinogenaemia,,Familial afibrinogenaemia is a coagulation disorder characterised by bleeding symptoms due to a complete absence of circulating fibrinogen.,,https://id.who.int/icd/entity/608641873,,WHO ICD-11 API,,2025-01
54,Hereditary deficiency of factor I,,Congenital deficiencies of fibrinogen are coagulation disorders characterised by bleeding symptoms ranging from mild to severe resulting from reduced quantity and/or quality of circulating fibrinogen. Afibrinogenaemia (complete absence of fibrinogen) and hypofibrinogenaemia (reduced plasma fibrinogen concentration) correspond to quantitative anomalies of fibrinogen while dysfibrinogenaemia corresponds to a functional anomaly of fibrinogen. Hypo- and dysfibrinogenaemia may be frequently combined (hypodysfibrinogenaemia).,,https://id.who.int/icd/entity/1452989457,,WHO ICD-11 API,,2025-01
50,Hereditary elliptocytosis,,"Hereditary elliptocytosis is a group of rare conditions caused by abnormalities in the red cell cytoskeleton and marked by the presence on blood smears of numerous elliptical red blood cells, called elliptocytes. Clinical presentations are highly heterogeneous ranging from asymptomatic forms to more severe forms associated with variable anaemia, from moderate to severe and with pyropoikilocytosis including fragmented red cells, microelliptocytes and microspherocytes.",,https://id.who.int/icd/entity/679955609,,WHO ICD-11 API,,2025-01
75,Hereditary factor II deficiency,,"Congenital factor II deficiency is an inherited bleeding disorder due to reduced activity of factor II (FII, prothrombin) and characterised by mucocutaneous bleeding symptoms. Factor II deficiency is the most rare coagulation factor deficiency.",,https://id.who.int/icd/entity/1522212461,,WHO ICD-11 API,,2025-01
55,Hereditary factor V deficiency,,"Congenital factor V deficiency is an inherited bleeding disorder due to reduced plasma levels of factor V (FV) and characterised by mild to severe bleeding symptoms. Prevalence of homozygous forms is estimated at 1/1,000,000. Both sexes are equally affected. Congenital FV deficiency can manifest at any age, with the most severe forms manifesting early in life. Common clinical signs include epistaxis, bruising, mucosal bleeding, soft tissue bleeding, and hemarthrosis. Excessive and prolonged bleeding during or following surgery, delivery or trauma are frequent. Women may present with menorrhagia. In severe forms of the disease, there can be a risk of intracranial, pulmonary or gastrointestinal bleedings. The severity of the bleeding manifestations correlates with the FV levels. Congenital FV deficiency is caused by mutations in the F5 gene (1q23) controlling the production of plasma FV. Transmission is autosomal recessive. Diagnosis is based on prolonged prothrombin and activated partial thromboplastin times (PT, aPTT) and on low FV levels measured using a PT based assay. The bleeding time (BT) may be prolonged. Molecular testing is available, but unnecessary for diagnosis. Differential diagnoses include factor VIII deficiency, and combined deficiency of factor V and factor VIII (see these terms). Fresh frozen plasma (FFP) is the only treatment as FV concentrates are not available. In acute cases of severe bleeding, the addition of platelet concentrates may be helpful. Prognosis is good with early diagnosis and adequate treatment.",,https://id.who.int/icd/entity/1969994731,,WHO ICD-11 API,,2025-01
76,Hereditary factor X deficiency,,Congenital factor X deficiency is an inherited bleeding disorder with a decreased antigen and/or activity of factor X (FX) and characterised by mild to severe bleeding symptoms.,,https://id.who.int/icd/entity/1886781445,,WHO ICD-11 API,,2025-01
57,Hereditary factor XII deficiency,,"Congenital factor XII deficiency is a systemic dysfunction of the haemostatic pathway, inherited in an autosomal recessive manner and caused by a defect in the coagulation factor XII (FXII or Hageman factor). Affected individuals are either asymptomatic or present a prolonged activated partial thromboplastin time and have an increased risk for thromboembolism (such as development of ocular vascular complications, occurring particularly in younger people). Superficial migratory thrombophlebitis and leg ulcer are rarely observed. FXII deficiency usually does not lead to bleeding complications but is strongly associated with primary recurrent abortions.",,https://id.who.int/icd/entity/2086126201,,WHO ICD-11 API,,2025-01
74,Hereditary hypofibrinogenaemia,,Familial hypofibrinogenemia is a coagulation disorder characterised by mild bleeding symptoms following trauma or surgery due to a reduced plasma fibrinogen concentration.,,https://id.who.int/icd/entity/559585471,,WHO ICD-11 API,,2025-01
22,Hereditary persistence of fetal haemoglobin - sickle cell disease,,"This is a benign condition in which significant fetal haemoglobin (haemoglobin F) production continues well into adulthood, disregarding the normal shutoff point after which only adult-type haemoglobin should be produced. This diagnosis is with sickle cell disease.",,https://id.who.int/icd/entity/1455152722,,WHO ICD-11 API,,2025-01
16,Hereditary persistence of fetal haemoglobin Beta thalassaemia,,"This is a benign condition in which significant fetal haemoglobin (haemoglobin F) production continues well into adulthood, disregarding the normal shutoff point after which only adult-type haemoglobin should be produced. This diagnosis is with delta-beta thalassaemia.",,https://id.who.int/icd/entity/1698760230,,WHO ICD-11 API,,2025-01
27,Hereditary thrombophilia due to congenital protein C deficiency,,Congenital protein C deficiency is an inherited coagulation disorder characterised by deep venous thrombosis symptoms due to reduced synthesis and/or activity levels of protein C.,,https://id.who.int/icd/entity/2021932081,,WHO ICD-11 API,,2025-01
26,Hereditary thrombophilia due to congenital protein S deficiency,,Congenital protein S deficiency is an inherited coagulation disorder characterised by recurrent venous thrombosis symptoms due to reduced synthesis and/or activity levels of protein S.,,https://id.who.int/icd/entity/1305244529,,WHO ICD-11 API,,2025-01
1855,Hesitancy of micturition,hesitancy of micturition,Difficulty in beginning the flow of urine or maintaining a urinary stream,,https://id.who.int/icd/release/11/2025-01/mms/1323766251,MF50.60,ICD-11 MMS Chapter 21 API,,2025-01
1458,Hiccough,hiccough,"Hiccough are repeated involuntary spasms of the diaphragm followed by sudden closure of the glottis, which checks the inflow of air and causes the characteristic sound. Transient episodes are very common. Persistent (> 2 days) and intractable (> 1 mo) Hiccough are uncommon but quite distressing.",,https://id.who.int/icd/release/11/2025-01/mms/798509501,MD11.6,ICD-11 MMS Chapter 21 API,,2025-01
281,Hiccups,hiccups,,,,,Extracted from disease definitions (mentioned in 2 diseases),,2025-01
209,High Fever,high fever,,,,,Extracted from disease definitions (mentioned in 4 diseases),,2025-01
637,High temperature,high temperature,,,,,Curated symptom vocabulary,,2025-01
671,Hip pain,hip pain,,,,,Curated symptom vocabulary,,2025-01
808,Hirsutism,hirsutism,,,,,Curated symptom vocabulary,,2025-01
911,"Histological findings in blood, blood-forming organs, or the immune system","histological findings in blood, blood-forming organs, or the immune system",,,https://id.who.int/icd/release/11/2025-01/mms/603838085,MA17,ICD-11 MMS Chapter 21 API,,2025-01
537,History Of Afebrile Seizures,history of afebrile seizures,,,,,Extracted from disease definitions (mentioned in 1 diseases),,2025-01
789,Hives,hives,,,,,Curated symptom vocabulary,,2025-01
703,Hoarseness,hoarseness,,,,,Curated symptom vocabulary,,2025-01
994,Homicidal ideation,homicidal ideation,"Thoughts, ideas, or ruminations about killing another person, which range from vague ideas of revenge to detailed and fully formulated plans but do not include actual homicidal attempts.",,https://id.who.int/icd/release/11/2025-01/mms/1244157434,MB26.3,ICD-11 MMS Chapter 21 API,,2025-01
37,Homocystinuria due to methylenetetrahydrofolate reductase deficiency,,"Homocystinuria due to methylene tetrahydrofolate reductase (MTHFR) deficiency is a disorder of folate metabolism characterised by neurological manifestations appearing in the first year of life with severe neurological signs, recurrent apnoea, microcephaly and convulsions, and no megaloblastic anaemia.",,https://id.who.int/icd/entity/1119975297,,WHO ICD-11 API,,2025-01
213,Hopelessness,hopelessness,,,,,Extracted from disease definitions (mentioned in 4 diseases),,2025-01
513,Hopelessness About The Future,hopelessness about the future,,,,,Extracted from disease definitions (mentioned in 1 diseases),,2025-01
1014,Hostility,hostility,"A tendency to experience persistent or frequent angry feelings, especially in response to minor slights and insults, and to adopt an unfriendly or threatening attitude in interactions with others.",,https://id.who.int/icd/release/11/2025-01/mms/450508218,MB28.4,ICD-11 MMS Chapter 21 API,,2025-01
323,Hot flushes,hot flushes,,,,,Extracted from disease definitions (mentioned in 1 diseases),,2025-01
1790,Hyperactive bowel sounds,hyperactive bowel sounds,,,https://id.who.int/icd/release/11/2025-01/mms/794938483,ME03.0,ICD-11 MMS Chapter 21 API,,2025-01
452,Hyperaesthesia,hyperaesthesia,,,,,Extracted from disease definitions (mentioned in 1 diseases),,2025-01
1627,Hypercalciuria,hypercalciuria,,,https://id.who.int/icd/release/11/2025-01/mms/1256480681,MF98.0,ICD-11 MMS Chapter 21 API,,2025-01
312,Hyperglycaemia,hyperglycaemia,,,,,Extracted from disease definitions (mentioned in 1 diseases),,2025-01
647,Hyperhidrosis,hyperhidrosis,,,,,Curated symptom vocabulary,,2025-01
1628,Hyperkaluria,hyperkaluria,,,https://id.who.int/icd/release/11/2025-01/mms/2039492057,MF98.1,ICD-11 MMS Chapter 21 API,,2025-01
1629,Hypermagnesuria,hypermagnesuria,,,https://id.who.int/icd/release/11/2025-01/mms/1820384962,MF98.2,ICD-11 MMS Chapter 21 API,,2025-01
286,Hyperpigmentation,hyperpigmentation,,,,,Extracted from disease definitions (mentioned in 2 diseases),,2025-01
545,Hyperreflexia,hyperreflexia,,,,,Extracted from disease definitions (mentioned in 1 diseases),,2025-01
192,Hypersomnia,hypersomnia,,,,,Extracted from disease definitions (mentioned in 4 diseases),,2025-01
95,Hypertension,hypertension,,,,,Extracted from disease definitions (mentioned in 26 diseases),,2025-01
236,Hyperthermia,hyperthermia,,,,,Extracted from disease definitions (mentioned in 3 diseases),,2025-01
1459,Hyperventilation,hyperventilation,"Hyperventilation refers to an increase in the rate of alveolar ventilation that is excessive for the rate of metabolic carbon dioxide production, resulting in a decrease in arterial PCO2 to below the normal range of 37 to 43 mm Hg. Hyperventilation should be distinguished from tachypnoea, an increase in respiratory frequency, and from hyperpnea, an increase in minute volume of ventilation.",,https://id.who.int/icd/release/11/2025-01/mms/1048499416,MD11.7,ICD-11 MMS Chapter 21 API,,2025-01
1344,Hypnagogic hallucinations,hypnagogic hallucinations,"Hallucinations that occur at the onset of sleep, most commonly of the visual, tactile or auditory modality.",,https://id.who.int/icd/release/11/2025-01/mms/329788118,MB27.23,ICD-11 MMS Chapter 21 API,,2025-01
1343,Hypnopompic hallucinations,hypnopompic hallucinations,"Hallucinations that occur during the period of awakening, most commonly of the visual, tactile or auditory modality.",,https://id.who.int/icd/release/11/2025-01/mms/1306772021,MB27.22,ICD-11 MMS Chapter 21 API,,2025-01
749,Hypoaesthesia,hypoaesthesia,,,,,Curated symptom vocabulary,,2025-01
1630,Hypocalciuria,hypocalciuria,,,https://id.who.int/icd/release/11/2025-01/mms/229495305,MF98.3,ICD-11 MMS Chapter 21 API,,2025-01
241,Hypoglycaemia,hypoglycaemia,,,,,Extracted from disease definitions (mentioned in 3 diseases),,2025-01
1631,Hypokaluria,hypokaluria,,,https://id.who.int/icd/release/11/2025-01/mms/520968226,MF98.4,ICD-11 MMS Chapter 21 API,,2025-01
1632,Hypomagnesuria,hypomagnesuria,,,https://id.who.int/icd/release/11/2025-01/mms/78820528,MF98.5,ICD-11 MMS Chapter 21 API,,2025-01
1633,Hypophosphaturia,hypophosphaturia,,,https://id.who.int/icd/release/11/2025-01/mms/7990141,MF98.6,ICD-11 MMS Chapter 21 API,,2025-01
796,Hypopigmentation,hypopigmentation,,,,,Curated symptom vocabulary,,2025-01
1077,Hypopyon,hypopyon,"Hypopyon is inflammatory cells in the anterior chamber of eye. It is a leukocytic exudate, seen in the anterior chamber, usually accompanied by redness of the conjunctiva and the underlying episclera. It is a sign of inflammation of the anterior uvea and iris, i.e. iritis, which is a form of anterior uveitis. The exudate settles at the bottom due to gravity.",,https://id.who.int/icd/release/11/2025-01/mms/803985395,MC20.2,ICD-11 MMS Chapter 21 API,,2025-01
761,Hyporeflexia,hyporeflexia,,,,,Curated symptom vocabulary,,2025-01
1362,Hyposmia,hyposmia,Decreased ability to smell,,https://id.who.int/icd/release/11/2025-01/mms/1944522457,MB41.3,ICD-11 MMS Chapter 21 API,,2025-01
1216,"Hypothermia, not associated with low environmental temperature","hypothermia, not associated with low environmental temperature",,,https://id.who.int/icd/release/11/2025-01/mms/186500648,MG28,ICD-11 MMS Chapter 21 API,,2025-01
1665,Hypovolaemic shock,hypovolaemic shock,,,https://id.who.int/icd/release/11/2025-01/mms/284999005,MG40.1,ICD-11 MMS Chapter 21 API,,2025-01
1067,Icteric sclera,icteric sclera,,,https://id.who.int/icd/release/11/2025-01/mms/135288091,MC17,ICD-11 MMS Chapter 21 API,,2025-01
995,Identity disturbance,identity disturbance,Distortion or inconsistency in the sense or view of sameness and historical continuity of one's self.,,https://id.who.int/icd/release/11/2025-01/mms/2067118018,MB26.4,ICD-11 MMS Chapter 21 API,,2025-01
1007,Illusions,illusions,"A misinterpretation of a true sensation (e.g., hearing voices in the sound of running water, the perception of figures in shadows).",,https://id.who.int/icd/release/11/2025-01/mms/17527109,MB27.4,ICD-11 MMS Chapter 21 API,,2025-01
1368,Immobility,immobility,,,https://id.who.int/icd/release/11/2025-01/mms/1839464738,MB44.3,ICD-11 MMS Chapter 21 API,,2025-01
908,"Immunological findings in blood, blood-forming organs, or the immune system","immunological findings in blood, blood-forming organs, or the immune system",,,https://id.who.int/icd/release/11/2025-01/mms/263884448,MA14,ICD-11 MMS Chapter 21 API,,2025-01
929,Impaired abstract thinking,impaired abstract thinking,"The inability to use concepts and to make and understand generalizations, such as the identifying the properties or pattern shared by a variety of specific items or events.",,https://id.who.int/icd/release/11/2025-01/mms/1736683994,MB21.6,ICD-11 MMS Chapter 21 API,,2025-01
930,Impaired executive functioning,impaired executive functioning,"Impairment in higher-level cognitive abilities, such as planning, sequencing, concept formation, abstracting, and decision-making.",,https://id.who.int/icd/release/11/2025-01/mms/1675353974,MB21.7,ICD-11 MMS Chapter 21 API,,2025-01
931,Impaired judgment,impaired judgment,"Deficit in the capacity to make sound, reasoned, and responsible decisions.",,https://id.who.int/icd/release/11/2025-01/mms/47640305,MB21.8,ICD-11 MMS Chapter 21 API,,2025-01
1082,"Impairment of electrophysiological functions, unspecified","impairment of electrophysiological functions, unspecified",,,https://id.who.int/icd/release/11/2025-01/mms/893837861/unspecified,MC21.Z,ICD-11 MMS Chapter 21 API,,2025-01
1015,Impulsivity,impulsivity,"A tendency to act on the spur of the moment in response to immediate stimuli, characterised by lack of deliberation and failure to consider risks and consequences before acting. Impulsivity may reflect a desire for immediate rewards or an inability to delay gratification.",,https://id.who.int/icd/release/11/2025-01/mms/932178015,MB28.5,ICD-11 MMS Chapter 21 API,,2025-01
786,Inability to walk,inability to walk,,,,,Curated symptom vocabulary,,2025-01
1314,Inappropriate affect,inappropriate affect,"Affective expression that is discordant with the content of the person's speech or ideation, or incompatible with the demands of a particular situation.",,https://id.who.int/icd/release/11/2025-01/mms/180207614,MB24.64,ICD-11 MMS Chapter 21 API,,2025-01
429,Include Arthralgia,include arthralgia,,,,,Extracted from disease definitions (mentioned in 1 diseases),,2025-01
1319,Incoherence,incoherence,Speech or thinking that is so disorganised that it is essentially incomprehensible to others.,,https://id.who.int/icd/release/11/2025-01/mms/1937621077,MB25.03,ICD-11 MMS Chapter 21 API,,2025-01
1799,Incomplete defaecation,incomplete defaecation,,,https://id.who.int/icd/release/11/2025-01/mms/577131308,ME07.1,ICD-11 MMS Chapter 21 API,,2025-01
133,Incontinence,incontinence,,,,,Extracted from disease definitions (mentioned in 10 diseases),,2025-01
186,Increased,increased,,,,,Extracted from disease definitions (mentioned in 4 diseases),,2025-01
157,Increased Bruising,increased bruising,,,,,Extracted from disease definitions (mentioned in 6 diseases),,2025-01
317,Increased Fat Mass,increased fat mass,,,,,Extracted from disease definitions (mentioned in 1 diseases),,2025-01
512,Increased Irritability As Well As Increased Activity,increased irritability as well as increased activity,,,,,Extracted from disease definitions (mentioned in 1 diseases),,2025-01
500,Increased Risk Of Anaemia,increased risk of anaemia,,,,,Extracted from disease definitions (mentioned in 1 diseases),,2025-01
1675,Increased appetite,increased appetite,Intermittent or persistent increased motivation or desire to eat food as compared to what is typical for the individual.,,https://id.who.int/icd/release/11/2025-01/mms/1587408889,MG43.9,ICD-11 MMS Chapter 21 API,,2025-01
939,Increased energy,increased energy,"Increased physical or mental resources for activity, typically characterised by increased capacity for work and greater efficiency in responding to stimuli.",,https://id.who.int/icd/release/11/2025-01/mms/1858128407,MB22.4,ICD-11 MMS Chapter 21 API,,2025-01
940,Increased goal-directed activity,increased goal-directed activity,"Increased planning of and participation in multiple activities (e.g. sexual, occupational, political, religious), compared to the individual's typical level of activity.",,https://id.who.int/icd/release/11/2025-01/mms/234408840,MB22.5,ICD-11 MMS Chapter 21 API,,2025-01
941,Increased libido,increased libido,Increased sexual desire or sexual activity compared with the patient's usual levels of sexual interest and functioning.,,https://id.who.int/icd/release/11/2025-01/mms/744774024,MB22.6,ICD-11 MMS Chapter 21 API,,2025-01
955,Increased sociability,increased sociability,"Decrease or loss of normal social inhibitions manifested in increased impulses to be with and talk to other people, including overfamiliarity, compared to the individual's typical level of activity.",,https://id.who.int/icd/release/11/2025-01/mms/15373899,MB23.C,ICD-11 MMS Chapter 21 API,,2025-01
851,Increased urination,increased urination,,,,,Curated symptom vocabulary,,2025-01
610,Increasing Fever,increasing fever,,,,,Extracted from disease definitions (mentioned in 1 diseases),,2025-01
1016,Indecisiveness,indecisiveness,A tendency to have difficulty making decisions or committing to a course of action.,,https://id.who.int/icd/release/11/2025-01/mms/2028743366,MB28.6,ICD-11 MMS Chapter 21 API,,2025-01
717,Indigestion,indigestion,,,,,Curated symptom vocabulary,,2025-01
490,Infections,infections,,,,,Extracted from disease definitions (mentioned in 1 diseases),,2025-01
1661,Infectious oedema,infectious oedema,,,https://id.who.int/icd/release/11/2025-01/mms/818655954,MG29.2,ICD-11 MMS Chapter 21 API,,2025-01
178,Infertility,infertility,,,,,Extracted from disease definitions (mentioned in 5 diseases),,2025-01
369,Infertility In Men,infertility in men,,,,,Extracted from disease definitions (mentioned in 1 diseases),,2025-01
491,Inflammation In The Form Of Rash,inflammation in the form of rash,,,,,Extracted from disease definitions (mentioned in 1 diseases),,2025-01
454,Inflammation Of The Joints Leading To Arthralgia,inflammation of the joints leading to arthralgia,,,,,Extracted from disease definitions (mentioned in 1 diseases),,2025-01
44,Inherited coagulation factor deficiency without bleeding tendency,,A disease caused by a genetically inherited mutation leading to decreased levels of coagulation factor. This disease is characterised by decreased levels of coagulation factor without leading to increased haemorrhaging. Confirmation is by identification of decreased levels of coagulation factor in a blood sample.,,https://id.who.int/icd/entity/1795705470,,WHO ICD-11 API,,2025-01
480,Insidious Onset Of Muscle Weakness Over Months To Years,insidious onset of muscle weakness over months to years,,,,,Extracted from disease definitions (mentioned in 1 diseases),,2025-01
120,Insomnia,insomnia,,,,,Extracted from disease definitions (mentioned in 15 diseases),,2025-01
506,Insomnia Apathy Preceding An Overt Encephalopathy,insomnia apathy preceding an overt encephalopathy,,,,,Extracted from disease definitions (mentioned in 1 diseases),,2025-01
1255,Instantaneous death,instantaneous death,,,https://id.who.int/icd/release/11/2025-01/mms/1443484410,MH12.0,ICD-11 MMS Chapter 21 API,,2025-01
1671,Insufficient intake of food or water due to self neglect,insufficient intake of food or water due to self neglect,,,https://id.who.int/icd/release/11/2025-01/mms/1774361318,MG43.4,ICD-11 MMS Chapter 21 API,,2025-01
1895,"Insufficient intake of food or water due to self neglect, unspecified","insufficient intake of food or water due to self neglect, unspecified",,,https://id.who.int/icd/release/11/2025-01/mms/1774361318/unspecified,MG43.4Z,ICD-11 MMS Chapter 21 API,,2025-01
479,Intense Arthralgia/Myalgia,intense arthralgia/myalgia,,,,,Extracted from disease definitions (mentioned in 1 diseases),,2025-01
607,Intense Headache,intense headache,,,,,Extracted from disease definitions (mentioned in 1 diseases),,2025-01
760,Intention tremor,intention tremor,,,,,Curated symptom vocabulary,,2025-01
1562,Intercostal pain,intercostal pain,,,https://id.who.int/icd/release/11/2025-01/mms/1027978531,ME81.0,ICD-11 MMS Chapter 21 API,,2025-01
875,Intermenstrual bleeding,intermenstrual bleeding,,,,,Curated symptom vocabulary,,2025-01
418,Intermittent Crops Of Erythematous Papules,intermittent crops of erythematous papules,,,,,Extracted from disease definitions (mentioned in 1 diseases),,2025-01
307,Intermittent Jaundice,intermittent jaundice,,,,,Extracted from disease definitions (mentioned in 1 diseases),,2025-01
1596,Intervertebral disc stenosis of neural canal,intervertebral disc stenosis of neural canal,,,https://id.who.int/icd/release/11/2025-01/mms/9342647,ME93.4,ICD-11 MMS Chapter 21 API,,2025-01
1834,"Intervertebral disc stenosis of neural canal, cervical region","intervertebral disc stenosis of neural canal, cervical region",,,https://id.who.int/icd/release/11/2025-01/mms/1162045289,ME93.41,ICD-11 MMS Chapter 21 API,,2025-01
1833,"Intervertebral disc stenosis of neural canal, head region","intervertebral disc stenosis of neural canal, head region",,,https://id.who.int/icd/release/11/2025-01/mms/537438973,ME93.40,ICD-11 MMS Chapter 21 API,,2025-01
1836,"Intervertebral disc stenosis of neural canal, lumbar region","intervertebral disc stenosis of neural canal, lumbar region",,,https://id.who.int/icd/release/11/2025-01/mms/1420163586,ME93.43,ICD-11 MMS Chapter 21 API,,2025-01
1837,"Intervertebral disc stenosis of neural canal, sacral region","intervertebral disc stenosis of neural canal, sacral region",,,https://id.who.int/icd/release/11/2025-01/mms/659253654,ME93.44,ICD-11 MMS Chapter 21 API,,2025-01
1835,"Intervertebral disc stenosis of neural canal, thoracic region","intervertebral disc stenosis of neural canal, thoracic region",,,https://id.who.int/icd/release/11/2025-01/mms/837695384,ME93.42,ICD-11 MMS Chapter 21 API,,2025-01
1839,"Intervertebral disc stenosis of neural canal, unspecified","intervertebral disc stenosis of neural canal, unspecified",,,https://id.who.int/icd/release/11/2025-01/mms/9342647/unspecified,ME93.4Z,ICD-11 MMS Chapter 21 API,,2025-01
1112,"Intra-abdominal or pelvic swelling, mass or lump","intra-abdominal or pelvic swelling, mass or lump","This refers to the presence of abdominal or pelvic wall swelling, mass or tumour in the abdominal and pelvic regions. These mass or tumours can be recognised by visual examination and/or palpation.",,https://id.who.int/icd/release/11/2025-01/mms/1738794800,MD82,ICD-11 MMS Chapter 21 API,,2025-01
1432,Intracranial space-occupying lesion,intracranial space-occupying lesion,,,https://id.who.int/icd/release/11/2025-01/mms/1904765755,MB71.0,ICD-11 MMS Chapter 21 API,,2025-01
259,Involuntary movements,involuntary movements,,,,,Extracted from disease definitions (mentioned in 2 diseases),,2025-01
206,Irregular,irregular,,,,,Extracted from disease definitions (mentioned in 4 diseases),,2025-01
682,Irregular heartbeat,irregular heartbeat,,,,,Curated symptom vocabulary,,2025-01
870,Irregular menstruation,irregular menstruation,,,,,Curated symptom vocabulary,,2025-01
869,Irregular periods,irregular periods,,,,,Curated symptom vocabulary,,2025-01
1616,Irregularly contracted kidney,irregularly contracted kidney,A kidney with deep cortical indentations or scars large enough to be perceived or examined by the naked eye,,https://id.who.int/icd/release/11/2025-01/mms/1697216126,MF54.1,ICD-11 MMS Chapter 21 API,,2025-01
1017,Irresponsibility,irresponsibility,A pattern of disregard for and failure to honour obligations or commitments; a lack of respect for and follow-through on agreements or promises; carelessness with others' property.,,https://id.who.int/icd/release/11/2025-01/mms/406970479,MB28.7,ICD-11 MMS Chapter 21 API,,2025-01
107,Irritability,irritability,,,,,Extracted from disease definitions (mentioned in 17 diseases),,2025-01
433,Is Followed By Fever,is followed by fever,,,,,Extracted from disease definitions (mentioned in 1 diseases),,2025-01
375,Itch,itch,,,,,Extracted from disease definitions (mentioned in 1 diseases),,2025-01
265,Itching,itching,,,,,Extracted from disease definitions (mentioned in 2 diseases),,2025-01
1550,Itching of skin,itching of skin,"The sensation of itch in the skin. For persistent itch of unknown cause the term ""Pruritus of unknown cause"" should be used.",,https://id.who.int/icd/release/11/2025-01/mms/86210128,ME65.1,ICD-11 MMS Chapter 21 API,,2025-01
117,Jaundice,jaundice,,,,,Extracted from disease definitions (mentioned in 15 diseases),,2025-01
495,Jaundice Respectively,jaundice respectively,,,,,Extracted from disease definitions (mentioned in 1 diseases),,2025-01
661,Jaw pain,jaw pain,,,,,Curated symptom vocabulary,,2025-01
1328,Jealous delusion,jealous delusion,A delusion that one's sexual partner is unfaithful.,,https://id.who.int/icd/release/11/2025-01/mms/1380368421,MB26.06,ICD-11 MMS Chapter 21 API,,2025-01
290,Joint,joint,,,,,Extracted from disease definitions (mentioned in 2 diseases),,2025-01
779,Joint clicking,joint clicking,,,,,Curated symptom vocabulary,,2025-01
778,Joint locking,joint locking,,,,,Curated symptom vocabulary,,2025-01
164,Joint pain,joint pain,,,,,Extracted from disease definitions (mentioned in 6 diseases),,2025-01
775,Joint stiffness,joint stiffness,,,,,Curated symptom vocabulary,,2025-01
774,Joint swelling,joint swelling,,,,,Curated symptom vocabulary,,2025-01
1528,Keratosis of skin of uncertain or unspecified nature,keratosis of skin of uncertain or unspecified nature,,,https://id.who.int/icd/release/11/2025-01/mms/1831523271,ME60.3,ICD-11 MMS Chapter 21 API,,2025-01
672,Knee pain,knee pain,,,,,Curated symptom vocabulary,,2025-01
1313,Labile affect,labile affect,"Marked variability in emotional expression, with repeated, rapid, and abrupt shifts.",,https://id.who.int/icd/release/11/2025-01/mms/728417392,MB24.63,ICD-11 MMS Chapter 21 API,,2025-01
1273,Laboratory evidence of human immunodeficiency virus,laboratory evidence of human immunodeficiency virus,,,https://id.who.int/icd/release/11/2025-01/mms/82994689,MA14.0,ICD-11 MMS Chapter 21 API,,2025-01
1045,Lack of coordination,lack of coordination,Other lack of coordination is a lack of coordination other than abnormal involuntary movements and abnormalities of gait and mobility.,,https://id.who.int/icd/release/11/2025-01/mms/961178280,MB45,ICD-11 MMS Chapter 21 API,,2025-01
1376,"Lack of coordination, unspecified","lack of coordination, unspecified",,,https://id.who.int/icd/release/11/2025-01/mms/961178280/unspecified,MB45.Z,ICD-11 MMS Chapter 21 API,,2025-01
1678,Lack of expected normal physiological development,lack of expected normal physiological development,"Lack of expected normal physiological development includes delayed milestone of development and other lack of expected normal physiological development including gross and fine motor development, language, social milestones.",,https://id.who.int/icd/release/11/2025-01/mms/551140748,MG44.1,ICD-11 MMS Chapter 21 API,,2025-01
1902,"Lack of expected normal physiological development, unspecified","lack of expected normal physiological development, unspecified",,,https://id.who.int/icd/release/11/2025-01/mms/551140748/unspecified,MG44.1Z,ICD-11 MMS Chapter 21 API,,2025-01
814,Lacrimation,lacrimation,,,,,Curated symptom vocabulary,,2025-01
979,Leaden paralysis,leaden paralysis,"A feeling that one's arms or legs are as heavy as lead, associated with a form of depression that also commonly includes overeating and oversleeping.",,https://id.who.int/icd/release/11/2025-01/mms/1189315647,MB24.D,ICD-11 MMS Chapter 21 API,,2025-01
673,Leg pain,leg pain,,,,,Curated symptom vocabulary,,2025-01
688,Leg swelling,leg swelling,,,,,Curated symptom vocabulary,,2025-01
799,Leg ulcer,leg ulcer,,,,,Curated symptom vocabulary,,2025-01
131,Lethargy,lethargy,,,,,Extracted from disease definitions (mentioned in 11 diseases),,2025-01
632,Leukaemia,leukaemia,,,,,Extracted from disease definitions (mentioned in 1 diseases),,2025-01
901,Leukaemia symptoms,leukaemia symptoms,,,,,Curated symptom vocabulary,,2025-01
807,Leukoplakia,leukoplakia,,,,,Curated symptom vocabulary,,2025-01
816,Light sensitivity,light sensitivity,,,,,Curated symptom vocabulary,,2025-01
1402,Light-headedness,light-headedness,,,https://id.who.int/icd/release/11/2025-01/mms/220170017,MB48.3,ICD-11 MMS Chapter 21 API,,2025-01
188,Lightheadedness,lightheadedness,,,,,Extracted from disease definitions (mentioned in 4 diseases),,2025-01
302,Limb Pain,limb pain,,,,,Extracted from disease definitions (mentioned in 2 diseases),,2025-01
195,Limb weakness,limb weakness,,,,,Extracted from disease definitions (mentioned in 4 diseases),,2025-01
785,Limited mobility,limited mobility,,,,,Curated symptom vocabulary,,2025-01
787,Limping,limping,,,,,Curated symptom vocabulary,,2025-01
1192,Lipoprotein glomerulopathy,lipoprotein glomerulopathy,Characteristic lipoprotein thrombi are found in the glomerulus in this genetically determined disease mainly found in East Asia.,,https://id.who.int/icd/release/11/2025-01/mms/69778702,MF82,ICD-11 MMS Chapter 21 API,,2025-01
489,Livedo reticularis,livedo reticularis,,,,,Extracted from disease definitions (mentioned in 1 diseases),,2025-01
593,Local Cellulitis,local cellulitis,,,,,Extracted from disease definitions (mentioned in 1 diseases),,2025-01
591,Localised Cellulitis,localised cellulitis,,,,,Extracted from disease definitions (mentioned in 1 diseases),,2025-01
1486,Localised abdominal pain,localised abdominal pain,,,https://id.who.int/icd/release/11/2025-01/mms/17912993,MD81.1,ICD-11 MMS Chapter 21 API,,2025-01
1789,"Localised abdominal pain, unspecified","localised abdominal pain, unspecified",,,https://id.who.int/icd/release/11/2025-01/mms/17912993/unspecified,MD81.1Z,ICD-11 MMS Chapter 21 API,,2025-01
1258,Localised lymph node enlargement,localised lymph node enlargement,,,https://id.who.int/icd/release/11/2025-01/mms/667642868,MA01.0,ICD-11 MMS Chapter 21 API,,2025-01
1659,Localised oedema,localised oedema,,,https://id.who.int/icd/release/11/2025-01/mms/2128635100,MG29.0,ICD-11 MMS Chapter 21 API,,2025-01
724,Loose stools,loose stools,,,,,Curated symptom vocabulary,,2025-01
141,Loss of appetite,loss of appetite,,,,,Extracted from disease definitions (mentioned in 8 diseases),,2025-01
736,Loss of bowel control,loss of bowel control,,,,,Curated symptom vocabulary,,2025-01
168,Loss of consciousness,loss of consciousness,,,,,Extracted from disease definitions (mentioned in 5 diseases),,2025-01
639,Loss of energy,loss of energy,,,,,Curated symptom vocabulary,,2025-01
748,Loss of sensation,loss of sensation,,,,,Curated symptom vocabulary,,2025-01
838,Loss of smell,loss of smell,,,,,Curated symptom vocabulary,,2025-01
839,Loss of taste,loss of taste,,,,,Curated symptom vocabulary,,2025-01
834,Loss of voice,loss of voice,,,,,Curated symptom vocabulary,,2025-01
1567,Low back pain,low back pain,"This is a condition which is defined as pain and discomfort, localised below the costal margin and above the inferior gluteal folds, with or without leg pain.",,https://id.who.int/icd/release/11/2025-01/mms/1815305992,ME84.2,ICD-11 MMS Chapter 21 API,,2025-01
1824,"Low back pain, unspecified","low back pain, unspecified",,,https://id.who.int/icd/release/11/2025-01/mms/1815305992/unspecified,ME84.2Z,ICD-11 MMS Chapter 21 API,,2025-01
1018,Low frustration tolerance,low frustration tolerance,Diminished ability to regulate one's emotions and behaviour in response to frustrating circumstances.,,https://id.who.int/icd/release/11/2025-01/mms/2024694308,MB28.8,ICD-11 MMS Chapter 21 API,,2025-01
1287,Low haemoglobin,low haemoglobin,,,https://id.who.int/icd/release/11/2025-01/mms/1471205771,MA18.4,ICD-11 MMS Chapter 21 API,,2025-01
764,Low mood,low mood,,,,,Curated symptom vocabulary,,2025-01
1019,Low self-esteem,low self-esteem,Low appraisal of one's self-worth.,,https://id.who.int/icd/release/11/2025-01/mms/892657943,MB28.9,ICD-11 MMS Chapter 21 API,,2025-01
638,Low-grade fever,low-grade fever,,,,,Curated symptom vocabulary,,2025-01
382,Lower Back,lower back,,,,,Extracted from disease definitions (mentioned in 1 diseases),,2025-01
441,Lower back pain,lower back pain,,,,,Extracted from disease definitions (mentioned in 1 diseases),,2025-01
1822,Lumbago with sciatica,lumbago with sciatica,,,https://id.who.int/icd/release/11/2025-01/mms/158896786,ME84.20,ICD-11 MMS Chapter 21 API,,2025-01
464,Lump,lump,,,,,Extracted from disease definitions (mentioned in 1 diseases),,2025-01
804,Lump under skin,lump under skin,,,,,Curated symptom vocabulary,,2025-01
106,Lymphadenopathy,lymphadenopathy,,,,,Extracted from disease definitions (mentioned in 19 diseases),,2025-01
35,Lymphoma of oesophagus,,An extranodal lymphoma that arises from the esophagus with the bulk of the mass located in the esophagus. Dysphagia may be the presenting symptom. The vast majority of cases are diffuse large B-cell lymphomas and B-cell lymphomas of the mucosa-associated lymphoid tissue.,,https://id.who.int/icd/entity/223819380,,WHO ICD-11 API,,2025-01
1164,Macroscopic changes of size of the kidney,macroscopic changes of size of the kidney,"Any condition characterised by alterations in the size of the kidney, observable by the unaided eye.",,https://id.who.int/icd/release/11/2025-01/mms/1958761246,MF54,ICD-11 MMS Chapter 21 API,,2025-01
1619,"Macroscopic changes of size of the kidney, unspecified","macroscopic changes of size of the kidney, unspecified",,,https://id.who.int/icd/release/11/2025-01/mms/1958761246/unspecified,MF54.Z,ICD-11 MMS Chapter 21 API,,2025-01
1852,Macroscopic haematuria,macroscopic haematuria,,,https://id.who.int/icd/release/11/2025-01/mms/839024767,MF50.40,ICD-11 MMS Chapter 21 API,,2025-01
455,Maculopapular Rash,maculopapular rash,,,,,Extracted from disease definitions (mentioned in 1 diseases),,2025-01
618,Maculopapular Rash Commonly Affecting The Limbs,maculopapular rash commonly affecting the limbs,,,,,Extracted from disease definitions (mentioned in 1 diseases),,2025-01
88,Malaise,malaise,,,,,Extracted from disease definitions (mentioned in 31 diseases),,2025-01
1636,Malignant cachexia,malignant cachexia,,,https://id.who.int/icd/release/11/2025-01/mms/1976188786,MG20.0,ICD-11 MMS Chapter 21 API,,2025-01
767,Mania,mania,,,,,Curated symptom vocabulary,,2025-01
104,Mass,mass,,,,,Extracted from disease definitions (mentioned in 19 diseases),,2025-01
882,Mastalgia,mastalgia,,,,,Curated symptom vocabulary,,2025-01
12,Mastocytosis,,"Mastocytosis is due to a clonal, neoplastic proliferation of mast cells that accumulate in one or more organ systems. Activating mutations of KIT are frequently found. It is characterised by the presence of multifocal compact clusters or cohesive aggregates/infiltrates of abnormal mast cells. The disorder is heterogeneous, ranging from skin lesions that may spontaneously regress to highly aggressive neoplasms associated with multiorgan failure and short survival. Subtypes of mastocytosis are recognised mainly by the distribution of the disease and clinical manifestations. In cutaneous mastocytosis (CM), the mast cell infiltration remains confined to the skin, whereas systemic mastocytosis (SM) is characterised by involvement of at least one extracutaneous organ with or without evidence of skin lesions. Mastocytosis should be strictly separated from mast cell hyperplasia or mast cell activation states without morphological and/or molecular abnormalities that characterize the neoplastic proliferation.",,https://id.who.int/icd/entity/691643472,,WHO ICD-11 API,,2025-01
493,May Include Pruritus,may include pruritus,,,,,Extracted from disease definitions (mentioned in 1 diseases),,2025-01
58,May-Hegglin thrombocytopenia,,"May-Hegglin anomaly is one of the MYH9 syndromes (a group that also includes three other allelic variants with similar phenotypic expression: Sebastian, Fechtner and Epstein syndrome), which are characterised by a macrothrombocytopenia that is usually severe but paradoxically results in few if any symptoms. Macrothrombocytopenia is defined by the presence of giant platelets, with a diameter equal or superior to the diameter of a red cell. May-Hegglin anomaly, as well as Sebastian syndrome, is a purely haematological form of MYH9 syndrome.",,https://id.who.int/icd/entity/2062728051,,WHO ICD-11 API,,2025-01
77,McLeod neuroacanthocytosis syndrome,,"McLeod neuroacanthocytosis syndrome (MLS) is a multisystem X-linked disorder with central nervous system, neuromuscular, and hematologic manifestations in males. The main clinical manifestations include a movement disorder (choreiform movements), cognitive impairment and psychiatric symptoms. Red blood cell acanthocytosis is found in virtually all males with MLS.",,https://id.who.int/icd/entity/1749275115,,WHO ICD-11 API,,2025-01
271,Melaena,melaena,,,,,Extracted from disease definitions (mentioned in 2 diseases),,2025-01
750,Memory loss,memory loss,,,,,Curated symptom vocabulary,,2025-01
601,Meningism,meningism,,,,,Extracted from disease definitions (mentioned in 1 diseases),,2025-01
1390,Meningismus,meningismus,,,https://id.who.int/icd/release/11/2025-01/mms/851857399,MB47.6,ICD-11 MMS Chapter 21 API,,2025-01
1147,Menopausal symptom or complaint,menopausal symptom or complaint,,,https://id.who.int/icd/release/11/2025-01/mms/1224852602,MF32,ICD-11 MMS Chapter 21 API,,2025-01
248,Menorrhagia,menorrhagia,,,,,Extracted from disease definitions (mentioned in 3 diseases),,2025-01
980,Mental rumination,mental rumination,"Mental preoccupation with negative events, personal characteristics, or failures.",,https://id.who.int/icd/release/11/2025-01/mms/1248345308,MB24.E,ICD-11 MMS Chapter 21 API,,2025-01
909,"Microbiological findings in blood, blood-forming organs, or the immune system","microbiological findings in blood, blood-forming organs, or the immune system",,,https://id.who.int/icd/release/11/2025-01/mms/2020075784,MA15,ICD-11 MMS Chapter 21 API,,2025-01
509,Microcytic Anaemia,microcytic anaemia,,,,,Extracted from disease definitions (mentioned in 1 diseases),,2025-01
1853,Microscopic haematuria,microscopic haematuria,,,https://id.who.int/icd/release/11/2025-01/mms/978078836,MF50.41,ICD-11 MMS Chapter 21 API,,2025-01
247,Mild Haemolytic Anaemia,mild haemolytic anaemia,,,,,Extracted from disease definitions (mentioned in 3 diseases),,2025-01
439,Mild Hypertension,mild hypertension,,,,,Extracted from disease definitions (mentioned in 1 diseases),,2025-01
540,Mild Nausea,mild nausea,,,,,Extracted from disease definitions (mentioned in 1 diseases),,2025-01
469,Mild To Moderate Splenomegaly,mild to moderate splenomegaly,,,,,Extracted from disease definitions (mentioned in 1 diseases),,2025-01
347,Mild-To-Moderate Headache Without Associated Symptoms,mild-to-moderate headache without associated symptoms,,,,,Extracted from disease definitions (mentioned in 1 diseases),,2025-01
1129,Miscellaneous non-specific skin-related symptoms and signs,miscellaneous non-specific skin-related symptoms and signs,Other specified skin changes which cannot be more precisely defined.,,https://id.who.int/icd/release/11/2025-01/mms/1040820675,ME66,ICD-11 MMS Chapter 21 API,,2025-01
1333,Misidentification delusion,misidentification delusion,"A delusion that people in one’s environment, which may include family members and loved ones, are imposters or actors or are otherwise not who they seem to be.",,https://id.who.int/icd/release/11/2025-01/mms/925881600,MB26.0B,ICD-11 MMS Chapter 21 API,,2025-01
871,Missed period,missed period,,,,,Curated symptom vocabulary,,2025-01
1847,Mixed incontinence,mixed incontinence,,,https://id.who.int/icd/release/11/2025-01/mms/411472164,MF50.22,ICD-11 MMS Chapter 21 API,,2025-01
1417,Monoplegia of lower extremity,monoplegia of lower extremity,This is a loss of motor control in one leg.,,https://id.who.int/icd/release/11/2025-01/mms/537940810,MB55,ICD-11 MMS Chapter 21 API,,2025-01
1765,"Monoplegia of lower extremity, unspecified","monoplegia of lower extremity, unspecified",,,https://id.who.int/icd/release/11/2025-01/mms/537940810/unspecified,MB55.Z,ICD-11 MMS Chapter 21 API,,2025-01
1416,Monoplegia of upper extremity,monoplegia of upper extremity,This is a loss of motor control in one arm.,,https://id.who.int/icd/release/11/2025-01/mms/1421673399,MB54,ICD-11 MMS Chapter 21 API,,2025-01
1762,"Monoplegia of upper extremity, unspecified","monoplegia of upper extremity, unspecified",,,https://id.who.int/icd/release/11/2025-01/mms/1421673399/unspecified,MB54.Z,ICD-11 MMS Chapter 21 API,,2025-01
615,Mood swings,mood swings,,,,,Extracted from disease definitions (mentioned in 1 diseases),,2025-01
891,Moon face,moon face,,,,,Curated symptom vocabulary,,2025-01
391,More Apart In The Presence Of Either Proteinuria,more apart in the presence of either proteinuria,,,,,Extracted from disease definitions (mentioned in 1 diseases),,2025-01
776,Morning stiffness,morning stiffness,,,,,Curated symptom vocabulary,,2025-01
322,Motor Restlessness,motor restlessness,,,,,Extracted from disease definitions (mentioned in 1 diseases),,2025-01
1460,Mouth breathing,mouth breathing,"Breathing through mouth. Nasal obstruction may also necessitate mouth breathing, which itself can precipitate obstructive apnoea. Breathing through the mouth may also increase risk for OSA by its effect on the tongue. The tongue forms the anterior wall of the oropharynx; both the supine posture and opening of the mouth tend to displace it posteriorly and encourage airway closure.",,https://id.who.int/icd/release/11/2025-01/mms/1530206530,MD11.8,ICD-11 MMS Chapter 21 API,,2025-01
1780,"Mouth breathing, unspecified","mouth breathing, unspecified",,,https://id.who.int/icd/release/11/2025-01/mms/1530206530/unspecified,MD11.8Z,ICD-11 MMS Chapter 21 API,,2025-01
843,Mouth sores,mouth sores,,,,,Curated symptom vocabulary,,2025-01
438,Mucous Membrane Haemorrhage,mucous membrane haemorrhage,,,,,Extracted from disease definitions (mentioned in 1 diseases),,2025-01
728,Mucus in stool,mucus in stool,,,,,Curated symptom vocabulary,,2025-01
830,Muffled hearing,muffled hearing,,,,,Curated symptom vocabulary,,2025-01
1227,Multi organ failure,multi organ failure,"Failure of function of more than one organ or organ system, not otherwise specified",,https://id.who.int/icd/release/11/2025-01/mms/243925837,MG4A,ICD-11 MMS Chapter 21 API,,2025-01
608,Muscle,muscle,,,,,Extracted from disease definitions (mentioned in 1 diseases),,2025-01
596,Muscle Aches,muscle aches,,,,,Extracted from disease definitions (mentioned in 1 diseases),,2025-01
616,Muscle Pain With Vomiting,muscle pain with vomiting,,,,,Extracted from disease definitions (mentioned in 1 diseases),,2025-01
405,Muscle Rigidity,muscle rigidity,,,,,Extracted from disease definitions (mentioned in 1 diseases),,2025-01
622,Muscle Swelling,muscle swelling,,,,,Extracted from disease definitions (mentioned in 1 diseases),,2025-01
481,Muscle Weakness Localised Predominantly In The Thigh Muscles,muscle weakness localised predominantly in the thigh muscles,,,,,Extracted from disease definitions (mentioned in 1 diseases),,2025-01
551,Muscle atrophy,muscle atrophy,,,,,Extracted from disease definitions (mentioned in 1 diseases),,2025-01
262,Muscle cramps,muscle cramps,,,,,Extracted from disease definitions (mentioned in 2 diseases),,2025-01
1391,Muscle fibrillation,muscle fibrillation,An involuntary muscle contraction and relaxation in a muscle fiber,,https://id.who.int/icd/release/11/2025-01/mms/1928445764,MB47.7,ICD-11 MMS Chapter 21 API,,2025-01
146,Muscle pain,muscle pain,,,,,Extracted from disease definitions (mentioned in 8 diseases),,2025-01
304,Muscle spasms,muscle spasms,,,,,Extracted from disease definitions (mentioned in 2 diseases),,2025-01
780,Muscle stiffness,muscle stiffness,,,,,Curated symptom vocabulary,,2025-01
746,Muscle twitching,muscle twitching,,,,,Curated symptom vocabulary,,2025-01
244,Muscle wasting,muscle wasting,,,,,Extracted from disease definitions (mentioned in 3 diseases),,2025-01
110,Muscle weakness,muscle weakness,,,,,Extracted from disease definitions (mentioned in 16 diseases),,2025-01
590,Muscular Pain,muscular pain,,,,,Extracted from disease definitions (mentioned in 1 diseases),,2025-01
1392,Muscular hypertonia,muscular hypertonia,,,https://id.who.int/icd/release/11/2025-01/mms/1447123221,MB47.8,ICD-11 MMS Chapter 21 API,,2025-01
1133,Musculoskeletal chest pain,musculoskeletal chest pain,,,https://id.who.int/icd/release/11/2025-01/mms/1556080152,ME81,ICD-11 MMS Chapter 21 API,,2025-01
1564,"Musculoskeletal chest pain, unspecified","musculoskeletal chest pain, unspecified",,,https://id.who.int/icd/release/11/2025-01/mms/1556080152/unspecified,ME81.Z,ICD-11 MMS Chapter 21 API,,2025-01
956,Mutism,mutism,A lack of verbal output that may be generalised or restricted to specific situations.,,https://id.who.int/icd/release/11/2025-01/mms/1275861519,MB23.D,ICD-11 MMS Chapter 21 API,,2025-01
100,Myalgia,myalgia,,,,,Extracted from disease definitions (mentioned in 22 diseases),,2025-01
25,Myelofibrosis with myeloid metaplasia,,"Myelofibrosis with myeloid metaplasia is a myeloproliferative disease which clinical manifestations depend on the type of blood cell affected and may include anaemia, pallor, splenomegaly, hypermetabolic state, petechiae, ecchymosis, bleeding, lymphadenopathy, hepatomegaly, portal hypertension.",,https://id.who.int/icd/entity/673220507,,WHO ICD-11 API,,2025-01
1203,Myoglobinuria,myoglobinuria,"Myoglobinuria is the presence of myoglobin in the urine usually as result of rhabdomyolysis. Any process that interferes with the storage or use of energy by muscle cells can lead to myoglobinuria. When excreted into the urine, myoglobin can precipitate, causing tubular obstruction and acute kidney injury. The most common causes of myoglobinuria in adults are trauma, alcohol and drug abuse, usually in relation to muscle necrosis from prolonged immobilization and pressure by the body weight. Prolonged ethanol consumption and seizure activity, similar to excessive physical activity, can produce an imbalance between muscle energy consumption and production, resulting in muscle destruction.",,https://id.who.int/icd/release/11/2025-01/mms/430370081,MF95,ICD-11 MMS Chapter 21 API,,2025-01
136,Myopathy,myopathy,,,,,Extracted from disease definitions (mentioned in 10 diseases),,2025-01
1393,Myotonia,myotonia,Slow relaxation of the muscles after voluntary contraction,,https://id.who.int/icd/release/11/2025-01/mms/1082840130,MB47.9,ICD-11 MMS Chapter 21 API,,2025-01
805,Nail changes,nail changes,,,,,Curated symptom vocabulary,,2025-01
806,Nail discolouration,nail discolouration,,,,,Curated symptom vocabulary,,2025-01
709,Nasal congestion,nasal congestion,,,,,Curated symptom vocabulary,,2025-01
362,Nasal discharge,nasal discharge,,,,,Extracted from disease definitions (mentioned in 1 diseases),,2025-01
837,Nasal polyps,nasal polyps,,,,,Curated symptom vocabulary,,2025-01
1302,Nasality,nasality,"Nasality (or resonance) refers to the quality of the voice that is determined by the balance of sound vibration in the oral, nasal, and pharyngeal cavities during speech. Abnormal resonance can occur when there is obstruction in one of the cavities, causing hyponasality, or when there is velopharyngeal dysfunction, causing hypernasality. This category should only be assigned when hyponasality or hypernasality is outside the limits of normal variation and results in reduced intelligibility and significantly affects communication.",,https://id.who.int/icd/release/11/2025-01/mms/641193392,MA82.2,ICD-11 MMS Chapter 21 API,,2025-01
86,Nausea,nausea,,,,,Extracted from disease definitions (mentioned in 40 diseases),,2025-01
1490,Nausea or vomiting,nausea or vomiting,Nausea is the feeling of having an urge to vomit. Vomiting is forcing the contents of the stomach up through the oesophagus and out of the mouth.,,https://id.who.int/icd/release/11/2025-01/mms/677319549,MD90,ICD-11 MMS Chapter 21 API,,2025-01
693,Near fainting,near fainting,,,,,Curated symptom vocabulary,,2025-01
605,Neck,neck,,,,,Extracted from disease definitions (mentioned in 1 diseases),,2025-01
836,Neck lump,neck lump,,,,,Curated symptom vocabulary,,2025-01
612,Neck pain,neck pain,,,,,Extracted from disease definitions (mentioned in 1 diseases),,2025-01
198,Neck stiffness,neck stiffness,,,,,Extracted from disease definitions (mentioned in 4 diseases),,2025-01
888,Neck swelling,neck swelling,,,,,Curated symptom vocabulary,,2025-01
1020,Negative affectivity,negative affectivity,"A tendency to experience a broad range of distressing emotions, e.g. anxiety, anger irritability, depression, and other negative emotional states, often in response to even relatively minor actual or perceived stressors.",,https://id.who.int/icd/release/11/2025-01/mms/1314368678,MB28.A,ICD-11 MMS Chapter 21 API,,2025-01
1021,Negativism,negativism,"A tendency to oppose or resist suggestions or advice, or to resist stubbornly for no apparent reason.",,https://id.who.int/icd/release/11/2025-01/mms/465562265,MB28.B,ICD-11 MMS Chapter 21 API,,2025-01
987,Neologisms,neologisms,The invention of new words that have meaning only to the person using them. May also include the use of existing words in ways that are inconsistent with their common meaning.,,https://id.who.int/icd/release/11/2025-01/mms/680326614,MB25.2,ICD-11 MMS Chapter 21 API,,2025-01
558,Nerve,nerve,,,,,Extracted from disease definitions (mentioned in 1 diseases),,2025-01
677,Nerve pain,nerve pain,,,,,Curated symptom vocabulary,,2025-01
437,Neurological Damage Such As Tremors,neurological damage such as tremors,,,,,Extracted from disease definitions (mentioned in 1 diseases),,2025-01
404,Neurological Depression In A Newborn,neurological depression in a newborn,,,,,Extracted from disease definitions (mentioned in 1 diseases),,2025-01
617,Neurological Manifestations Such As A Severe Headache,neurological manifestations such as a severe headache,,,,,Extracted from disease definitions (mentioned in 1 diseases),,2025-01
1358,Neurological neglect syndrome,neurological neglect syndrome,,,https://id.who.int/icd/release/11/2025-01/mms/1853164458,MB40.9,ICD-11 MMS Chapter 21 API,,2025-01
137,Neuropathy,neuropathy,,,,,Extracted from disease definitions (mentioned in 10 diseases),,2025-01
342,Night,night,,,,,Extracted from disease definitions (mentioned in 1 diseases),,2025-01
498,Night blindness,night blindness,,,,,Extracted from disease definitions (mentioned in 1 diseases),,2025-01
223,Night sweats,night sweats,,,,,Extracted from disease definitions (mentioned in 3 diseases),,2025-01
229,Nightmares,nightmares,,,,,Extracted from disease definitions (mentioned in 3 diseases),,2025-01
1332,Nihilistic delusion,nihilistic delusion,"A delusion that the self, part of the self, part of the body, other persons, or the whole world has ceased to exist.",,https://id.who.int/icd/release/11/2025-01/mms/560479779,MB26.0A,ICD-11 MMS Chapter 21 API,,2025-01
883,Nipple discharge,nipple discharge,,,,,Curated symptom vocabulary,,2025-01
854,No urine output,no urine output,,,,,Curated symptom vocabulary,,2025-01
864,Nocturia,nocturia,,,,,Curated symptom vocabulary,,2025-01
277,Non-Haemorrhagic Diarrhoea,non-haemorrhagic diarrhoea,,,,,Extracted from disease definitions (mentioned in 2 diseases),,2025-01
435,Non-Menstrual Uterine Bleeding,non-menstrual uterine bleeding,,,,,Extracted from disease definitions (mentioned in 1 diseases),,2025-01
1127,Non-specific cutaneous vascular signs,non-specific cutaneous vascular signs,"Changes perceptible in the skin as a result of alterations in blood composition, blood flow or blood vessel integrity. They may be due to local factors or may indicate underlying disorders such as anaemia, hypovolaemia, fever, hypoxia or defective clotting.",,https://id.who.int/icd/release/11/2025-01/mms/1119526295,ME64,ICD-11 MMS Chapter 21 API,,2025-01
957,Non-suicidal self-injury,non-suicidal self-injury,"Intentional self-inflicted injury to the body, most commonly cutting, scraping, burning, biting, or hitting, with the expectation that the injury will lead to only minor physical harm.",,https://id.who.int/icd/release/11/2025-01/mms/1430296724,MB23.E,ICD-11 MMS Chapter 21 API,,2025-01
376,Nonmenstrual Pelvic Pain,nonmenstrual pelvic pain,,,,,Extracted from disease definitions (mentioned in 1 diseases),,2025-01
458,Nonproductive Cough,nonproductive cough,,,,,Extracted from disease definitions (mentioned in 1 diseases),,2025-01
1436,Nonspecific low blood-pressure reading,nonspecific low blood-pressure reading,,,https://id.who.int/icd/release/11/2025-01/mms/2054210520,MC80.1,ICD-11 MMS Chapter 21 API,,2025-01
1080,Normal electroretinogram,normal electroretinogram,An Electro-Retinogram records retinal action potentials in response to various visual stimuli.,,https://id.who.int/icd/release/11/2025-01/mms/1591059562,MC21.1,ICD-11 MMS Chapter 21 API,,2025-01
712,Nosebleed,nosebleed,,,,,Curated symptom vocabulary,,2025-01
189,Numbness,numbness,,,,,Extracted from disease definitions (mentioned in 4 diseases),,2025-01
470,Numbness In Extremities,numbness in extremities,,,,,Extracted from disease definitions (mentioned in 1 diseases),,2025-01
533,Numbness Of The Limbs,numbness of the limbs,,,,,Extracted from disease definitions (mentioned in 1 diseases),,2025-01
1814,Obscure gastrointestinal bleeding,obscure gastrointestinal bleeding,"Obscure gastrointestinal bleeding (OGIB) is defined as gastrointestinal bleeding with no source identified at upper and lower endoscopy. Despite a thorough endoscopic examination, the origin of the blood loss remains unexplained and observed for further bleeding.",,https://id.who.int/icd/release/11/2025-01/mms/1605692345,ME24.A0,ICD-11 MMS Chapter 21 API,,2025-01
996,Obsessions,obsessions,"Repetitive and persistent thoughts (e.g., of contamination), images (e.g., of violent scenes), or impulses/urges (e.g., to stab someone) that are experienced as intrusive, unwanted, and are commonly associated with anxiety.",,https://id.who.int/icd/release/11/2025-01/mms/1638858328,MB26.5,ICD-11 MMS Chapter 21 API,,2025-01
770,Obsessive thoughts,obsessive thoughts,,,,,Curated symptom vocabulary,,2025-01
1068,Ocular pain,ocular pain,,,https://id.who.int/icd/release/11/2025-01/mms/1163249568,MC18,ICD-11 MMS Chapter 21 API,,2025-01
958,Odd or peculiar appearance,odd or peculiar appearance,"Grooming, clothing, or other aspects of personal appearance that are eccentric, unusual, or peculiar, and inconsistent with cultural or subcultural norms.",,https://id.who.int/icd/release/11/2025-01/mms/471750381,MB23.F,ICD-11 MMS Chapter 21 API,,2025-01
959,Odd or peculiar behaviour,odd or peculiar behaviour,"Behaviour including posture and gait that is eccentric, unusual, or peculiar, and is inconsistent with cultural or subcultural norms.",,https://id.who.int/icd/release/11/2025-01/mms/11067051,MB23.G,ICD-11 MMS Chapter 21 API,,2025-01
571,Odynophagia,odynophagia,,,,,Extracted from disease definitions (mentioned in 1 diseases),,2025-01
114,Oedema,oedema,,,,,Extracted from disease definitions (mentioned in 16 diseases),,2025-01
399,Oedema In At Least Two Fetal Compartments,oedema in at least two fetal compartments,,,,,Extracted from disease definitions (mentioned in 1 diseases),,2025-01
504,Oedema Of The Pharyngeal,oedema of the pharyngeal,,,,,Extracted from disease definitions (mentioned in 1 diseases),,2025-01
393,Oedema That May Occur During Pregnancy,oedema that may occur during pregnancy,,,,,Extracted from disease definitions (mentioned in 1 diseases),,2025-01
1872,Oedema due to increased capillary pressure,oedema due to increased capillary pressure,"Increased capillary pressure increases the leakage of fluid from the vascular compartment to the interstitial tissues, resulting in oedema. Causes include impaired or obstructed venous return (fluid overload, venous thrombosis, right heart failure, venous compression from tumour tissue), increased blood flow (physiological response to heat exposure, arteriovenous malformations, disturbed cutaneous vasomotor control due to drug or autonomic neuropathy), or reduced plasma oncotic pressure due to hypoproteinaemia.",,https://id.who.int/icd/release/11/2025-01/mms/635930769,MG29.10,ICD-11 MMS Chapter 21 API,,2025-01
1869,Oedema of legs,oedema of legs,,,https://id.who.int/icd/release/11/2025-01/mms/243933420,MG29.01,ICD-11 MMS Chapter 21 API,,2025-01
1662,"Oedema, unspecified","oedema, unspecified",,,https://id.who.int/icd/release/11/2025-01/mms/826220775/unspecified,MG29.Z,ICD-11 MMS Chapter 21 API,,2025-01
1816,Oesophageal haemorrhage,oesophageal haemorrhage,,,https://id.who.int/icd/release/11/2025-01/mms/752713197,ME24.A2,ICD-11 MMS Chapter 21 API,,2025-01
620,Often Massive Proteinuria,often massive proteinuria,,,,,Extracted from disease definitions (mentioned in 1 diseases),,2025-01
793,Oily skin,oily skin,,,,,Curated symptom vocabulary,,2025-01
1345,Olfactory hallucinations,olfactory hallucinations,"Hallucinations involving the perception of odour (e.g., of burning rubber, decaying fish, orange peel) in the absence of an actual external stimulus.",,https://id.who.int/icd/release/11/2025-01/mms/1717922199,MB27.24,ICD-11 MMS Chapter 21 API,,2025-01
853,Oliguria,oliguria,,,,,Curated symptom vocabulary,,2025-01
1394,Ophthalmoparesis,ophthalmoparesis,Paresis of one or more extraocular muscles,,https://id.who.int/icd/release/11/2025-01/mms/830465499,MB47.A,ICD-11 MMS Chapter 21 API,,2025-01
249,Ophthalmoplegia,ophthalmoplegia,,,,,Extracted from disease definitions (mentioned in 3 diseases),,2025-01
1395,Opisthotonos,opisthotonos,Arching position of the body due spasm of the axial muscles along the spinal column,,https://id.who.int/icd/release/11/2025-01/mms/1659266639,MB47.B,ICD-11 MMS Chapter 21 API,,2025-01
844,Oral ulcers,oral ulcers,,,,,Curated symptom vocabulary,,2025-01
333,Orientation,orientation,,,,,Extracted from disease definitions (mentioned in 1 diseases),,2025-01
556,Orientation To Pain,orientation to pain,,,,,Extracted from disease definitions (mentioned in 1 diseases),,2025-01
685,Orthopnoea,orthopnoea,,,,,Curated symptom vocabulary,,2025-01
1623,Orthostatic proteinuria,orthostatic proteinuria,A condition characterised by an elevated protein excretion while in the upright position and normal protein excretion in a supine or recumbent position.,,https://id.who.int/icd/release/11/2025-01/mms/2144070055,MF96.0,ICD-11 MMS Chapter 21 API,,2025-01
1597,Osseous and subluxation stenosis of intervertebral foramina,osseous and subluxation stenosis of intervertebral foramina,,,https://id.who.int/icd/release/11/2025-01/mms/1948507722,ME93.5,ICD-11 MMS Chapter 21 API,,2025-01
1594,Osseous stenosis of neural canal,osseous stenosis of neural canal,,,https://id.who.int/icd/release/11/2025-01/mms/371970231,ME93.2,ICD-11 MMS Chapter 21 API,,2025-01
1429,Other abnormal findings in cerebrospinal fluid,other abnormal findings in cerebrospinal fluid,,,https://id.who.int/icd/release/11/2025-01/mms/1855090404,MB70.8,ICD-11 MMS Chapter 21 API,,2025-01
1489,Other and unspecified abdominal pain,other and unspecified abdominal pain,,,https://id.who.int/icd/release/11/2025-01/mms/166022696,MD81.4,ICD-11 MMS Chapter 21 API,,2025-01
1452,Other cardiac sounds,other cardiac sounds,,,https://id.who.int/icd/release/11/2025-01/mms/329448344,MC83.1,ICD-11 MMS Chapter 21 API,,2025-01
1469,Other chest pain,other chest pain,,,https://id.who.int/icd/release/11/2025-01/mms/1365807043,MD30.1,ICD-11 MMS Chapter 21 API,,2025-01
1611,Other difficulties with micturition,other difficulties with micturition,,,https://id.who.int/icd/release/11/2025-01/mms/584871112,MF50.6,ICD-11 MMS Chapter 21 API,,2025-01
1523,"Other digestive system haemorrhage, not elsewhere classified","other digestive system haemorrhage, not elsewhere classified",,,https://id.who.int/icd/release/11/2025-01/mms/1112214727,ME24.A,ICD-11 MMS Chapter 21 API,,2025-01
43,Other inherited coagulation factor deficiency with bleeding tendency,,Any disease caused by genetically inherited mutations leading to lack of coagulation factors in the blood not elsewhere classified. These diseases are characterised by increased haemorrhaging and bruising as the blood cannot clot properly to control bleeding. Confirmation is identification of mutations by genetic testing.,,https://id.who.int/icd/entity/573771682,,WHO ICD-11 API,,2025-01
1437,"Other specified abnormal blood-pressure reading, without diagnosis","other specified abnormal blood-pressure reading, without diagnosis",,,https://id.who.int/icd/release/11/2025-01/mms/1853670927/other,MC80.Y,ICD-11 MMS Chapter 21 API,,2025-01
1621,Other specified abnormal cytological findings in specimens from female genital organs,other specified abnormal cytological findings in specimens from female genital organs,,,https://id.who.int/icd/release/11/2025-01/mms/1280206666/other,MF66.Y,ICD-11 MMS Chapter 21 API,,2025-01
1288,Other specified abnormal findings of blood chemistry,other specified abnormal findings of blood chemistry,,,https://id.who.int/icd/release/11/2025-01/mms/221651900/other,MA18.Y,ICD-11 MMS Chapter 21 API,,2025-01
1383,Other specified abnormal involuntary movements,other specified abnormal involuntary movements,,,https://id.who.int/icd/release/11/2025-01/mms/682424259/other,MB46.Y,ICD-11 MMS Chapter 21 API,,2025-01
1714,"Other specified abnormal laboratory results, not elsewhere classified","other specified abnormal laboratory results, not elsewhere classified",,,https://id.who.int/icd/release/11/2025-01/mms/599682963/other,MG71.Y,ICD-11 MMS Chapter 21 API,,2025-01
1634,Other specified abnormal levels of serum electrolytes in the urine,other specified abnormal levels of serum electrolytes in the urine,,,https://id.who.int/icd/release/11/2025-01/mms/1798350834/other,MF98.Y,ICD-11 MMS Chapter 21 API,,2025-01
1784,Other specified abnormal microbiological findings in specimens from respiratory organs and thorax,other specified abnormal microbiological findings in specimens from respiratory organs and thorax,,,https://id.who.int/icd/release/11/2025-01/mms/962893707/other,MD40.5Y,ICD-11 MMS Chapter 21 API,,2025-01
1613,Other specified abnormal micturition,other specified abnormal micturition,,,https://id.who.int/icd/release/11/2025-01/mms/1007936831/other,MF50.Y,ICD-11 MMS Chapter 21 API,,2025-01
1250,"Other specified abnormal results, not elsewhere classified","other specified abnormal results, not elsewhere classified",,,https://id.who.int/icd/release/11/2025-01/mms/964882431/other,MG7Y,ICD-11 MMS Chapter 21 API,,2025-01
1462,Other specified abnormalities of breathing,other specified abnormalities of breathing,,,https://id.who.int/icd/release/11/2025-01/mms/208980208/other,MD11.Y,ICD-11 MMS Chapter 21 API,,2025-01
1369,Other specified abnormalities of gait or mobility,other specified abnormalities of gait or mobility,,,https://id.who.int/icd/release/11/2025-01/mms/1543612222/other,MB44.Y,ICD-11 MMS Chapter 21 API,,2025-01
1443,Other specified abnormalities of heart beat,other specified abnormalities of heart beat,,,https://id.who.int/icd/release/11/2025-01/mms/449943282/other,MC81.Y,ICD-11 MMS Chapter 21 API,,2025-01
1734,Other specified abnormality of red blood cells,other specified abnormality of red blood cells,,,https://id.who.int/icd/release/11/2025-01/mms/61973866/other,MA16.0Y,ICD-11 MMS Chapter 21 API,,2025-01
1398,Other specified abnormality of tonus or reflex,other specified abnormality of tonus or reflex,,,https://id.who.int/icd/release/11/2025-01/mms/560509568/other,MB47.Y,ICD-11 MMS Chapter 21 API,,2025-01
1886,Other specified acute pain,other specified acute pain,,,https://id.who.int/icd/release/11/2025-01/mms/1404135736/other,MG31.Y,ICD-11 MMS Chapter 21 API,,2025-01
1540,Other specified acute skin eruption of uncertain or unspecified nature,other specified acute skin eruption of uncertain or unspecified nature,,,https://id.who.int/icd/release/11/2025-01/mms/408835699/other,ME62.Y,ICD-11 MMS Chapter 21 API,,2025-01
1308,Other specified amnesia,other specified amnesia,,,https://id.who.int/icd/release/11/2025-01/mms/67207871/other,MB21.1Y,ICD-11 MMS Chapter 21 API,,2025-01
1794,Other specified ascites,other specified ascites,,,https://id.who.int/icd/release/11/2025-01/mms/1133729855/other,ME04.Y,ICD-11 MMS Chapter 21 API,,2025-01
1599,"Other specified biomechanical lesions, not elsewhere classified","other specified biomechanical lesions, not elsewhere classified",,,https://id.who.int/icd/release/11/2025-01/mms/1344162278/other,ME93.Y,ICD-11 MMS Chapter 21 API,,2025-01
1796,Other specified change in bowel habit,other specified change in bowel habit,,,https://id.who.int/icd/release/11/2025-01/mms/1625302107/other,ME05.Y,ICD-11 MMS Chapter 21 API,,2025-01
1996,Other specified chronic cancer related pain,other specified chronic cancer related pain,,,https://id.who.int/icd/release/11/2025-01/mms/785363034/other,MG30.1Y,ICD-11 MMS Chapter 21 API,,2025-01
2014,Other specified chronic neuropathic pain,other specified chronic neuropathic pain,,,https://id.who.int/icd/release/11/2025-01/mms/1170330671/other,MG30.5Y,ICD-11 MMS Chapter 21 API,,2025-01
1881,Other specified chronic pain,other specified chronic pain,,,https://id.who.int/icd/release/11/2025-01/mms/1581976053/other,MG30.Y,ICD-11 MMS Chapter 21 API,,2025-01
2000,Other specified chronic postsurgical or post traumatic pain,other specified chronic postsurgical or post traumatic pain,,,https://id.who.int/icd/release/11/2025-01/mms/985186256/other,MG30.2Y,ICD-11 MMS Chapter 21 API,,2025-01
1992,Other specified chronic primary pain,other specified chronic primary pain,,,https://id.who.int/icd/release/11/2025-01/mms/1326332835/other,MG30.0Y,ICD-11 MMS Chapter 21 API,,2025-01
2023,Other specified chronic secondary headache or orofacial pain,other specified chronic secondary headache or orofacial pain,,,https://id.who.int/icd/release/11/2025-01/mms/2116703819/other,MG30.6Y,ICD-11 MMS Chapter 21 API,,2025-01
2005,Other specified chronic secondary musculoskeletal pain,other specified chronic secondary musculoskeletal pain,,,https://id.who.int/icd/release/11/2025-01/mms/1968541653/other,MG30.3Y,ICD-11 MMS Chapter 21 API,,2025-01
2010,Other specified chronic secondary visceral pain,other specified chronic secondary visceral pain,,,https://id.who.int/icd/release/11/2025-01/mms/446969214/other,MG30.4Y,ICD-11 MMS Chapter 21 API,,2025-01
915,"Other specified clinical findings in blood, blood-forming organs, or the immune system","other specified clinical findings in blood, blood-forming organs, or the immune system",,,https://id.who.int/icd/release/11/2025-01/mms/1617090159/other,MA1Y,ICD-11 MMS Chapter 21 API,,2025-01
1430,Other specified clinical findings in cerebrospinal fluid,other specified clinical findings in cerebrospinal fluid,,,https://id.who.int/icd/release/11/2025-01/mms/1111127034/other,MB70.Y,ICD-11 MMS Chapter 21 API,,2025-01
1511,Other specified clinical findings in specimens from digestive organs or abdominal cavity,other specified clinical findings in specimens from digestive organs or abdominal cavity,,,https://id.who.int/icd/release/11/2025-01/mms/1419718140/other,ME20.Y,ICD-11 MMS Chapter 21 API,,2025-01
1177,Other specified clinical findings in specimens from female genital organs,other specified clinical findings in specimens from female genital organs,,,https://id.who.int/icd/release/11/2025-01/mms/1165602961/other,MF6Y,ICD-11 MMS Chapter 21 API,,2025-01
1188,Other specified clinical findings in specimens from male genital organs,other specified clinical findings in specimens from male genital organs,,,https://id.who.int/icd/release/11/2025-01/mms/540179717/other,MF7Y,ICD-11 MMS Chapter 21 API,,2025-01
1246,"Other specified clinical findings in specimens from other specified organs, systems and tissues","other specified clinical findings in specimens from other specified organs, systems and tissues",,,https://id.who.int/icd/release/11/2025-01/mms/1566271559/other,MG6Y,ICD-11 MMS Chapter 21 API,,2025-01
1482,Other specified clinical findings in specimens from respiratory organs and thorax,other specified clinical findings in specimens from respiratory organs and thorax,,,https://id.who.int/icd/release/11/2025-01/mms/836034670/other,MD40.Y,ICD-11 MMS Chapter 21 API,,2025-01
1196,Other specified clinical findings in specimens from the urinary system,other specified clinical findings in specimens from the urinary system,,,https://id.who.int/icd/release/11/2025-01/mms/1039550850/other,MF8Y,ICD-11 MMS Chapter 21 API,,2025-01
1122,Other specified clinical findings in the digestive system,other specified clinical findings in the digestive system,,,https://id.who.int/icd/release/11/2025-01/mms/782258967/other,ME2Y,ICD-11 MMS Chapter 21 API,,2025-01
1144,Other specified clinical findings in the musculoskeletal system,other specified clinical findings in the musculoskeletal system,,,https://id.who.int/icd/release/11/2025-01/mms/401411059/other,ME9Y,ICD-11 MMS Chapter 21 API,,2025-01
1060,Other specified clinical findings in the nervous system,other specified clinical findings in the nervous system,,,https://id.who.int/icd/release/11/2025-01/mms/1146898834/other,MB7Y,ICD-11 MMS Chapter 21 API,,2025-01
1109,Other specified clinical findings in the respiratory system,other specified clinical findings in the respiratory system,,,https://id.who.int/icd/release/11/2025-01/mms/247257531/other,MD4Y,ICD-11 MMS Chapter 21 API,,2025-01
1269,"Other specified clinical findings of drugs, medicaments and biological substances in blood, blood-forming organs, or the immune system","other specified clinical findings of drugs, medicaments and biological substances in blood, blood-forming organs, or the immune system",,,https://id.who.int/icd/release/11/2025-01/mms/815226360/other,MA12.Y,ICD-11 MMS Chapter 21 API,,2025-01
1078,Other specified clinical findings of the visual system,other specified clinical findings of the visual system,,,https://id.who.int/icd/release/11/2025-01/mms/1521434265/other,MC20.Y,ICD-11 MMS Chapter 21 API,,2025-01
1433,Other specified clinical findings on diagnostic imaging of central nervous system,other specified clinical findings on diagnostic imaging of central nervous system,,,https://id.who.int/icd/release/11/2025-01/mms/1632791324/other,MB71.Y,ICD-11 MMS Chapter 21 API,,2025-01
1590,Other specified clinical findings on diagnostic imaging of other parts of musculoskeletal system,other specified clinical findings on diagnostic imaging of other parts of musculoskeletal system,,,https://id.who.int/icd/release/11/2025-01/mms/65099921/other,ME92.Y,ICD-11 MMS Chapter 21 API,,2025-01
1210,"Other specified clinical findings on examination of urine, without diagnosis","other specified clinical findings on examination of urine, without diagnosis",,,https://id.who.int/icd/release/11/2025-01/mms/1948684645/other,MF9Y,ICD-11 MMS Chapter 21 API,,2025-01
1524,Other specified clinical manifestations of the digestive system,other specified clinical manifestations of the digestive system,,,https://id.who.int/icd/release/11/2025-01/mms/1020615731/other,ME24.Y,ICD-11 MMS Chapter 21 API,,2025-01
1281,"Other specified cytological findings in blood, blood-forming organs, or the immune system","other specified cytological findings in blood, blood-forming organs, or the immune system",,,https://id.who.int/icd/release/11/2025-01/mms/158137157/other,MA16.Y,ICD-11 MMS Chapter 21 API,,2025-01
1335,Other specified delusion,other specified delusion,,,https://id.who.int/icd/release/11/2025-01/mms/932028588/other,MB26.0Y,ICD-11 MMS Chapter 21 API,,2025-01
1861,Other specified difficulties with micturition,other specified difficulties with micturition,,,https://id.who.int/icd/release/11/2025-01/mms/584871112/other,MF50.6Y,ICD-11 MMS Chapter 21 API,,2025-01
1315,Other specified disturbance of affect,other specified disturbance of affect,,,https://id.who.int/icd/release/11/2025-01/mms/1248327157/other,MB24.6Y,ICD-11 MMS Chapter 21 API,,2025-01
1554,Other specified disturbance of skin sensation,other specified disturbance of skin sensation,,,https://id.who.int/icd/release/11/2025-01/mms/1252325692/other,ME65.Y,ICD-11 MMS Chapter 21 API,,2025-01
1363,Other specified disturbances of smell or taste,other specified disturbances of smell or taste,,,https://id.who.int/icd/release/11/2025-01/mms/367468500/other,MB41.Y,ICD-11 MMS Chapter 21 API,,2025-01
1403,Other specified dizziness or giddiness,other specified dizziness or giddiness,,,https://id.who.int/icd/release/11/2025-01/mms/1890374210/other,MB48.Y,ICD-11 MMS Chapter 21 API,,2025-01
1743,Other specified dysarthria,other specified dysarthria,,,https://id.who.int/icd/release/11/2025-01/mms/15113838/other,MA80.2Y,ICD-11 MMS Chapter 21 API,,2025-01
1745,Other specified dysphonia,other specified dysphonia,,,https://id.who.int/icd/release/11/2025-01/mms/936462533/other,MA82.1Y,ICD-11 MMS Chapter 21 API,,2025-01
1740,Other specified elevated blood glucose level,other specified elevated blood glucose level,,,https://id.who.int/icd/release/11/2025-01/mms/307705857/other,MA18.0Y,ICD-11 MMS Chapter 21 API,,2025-01
1776,"Other specified elevated blood-pressure reading, without diagnosis of hypertension","other specified elevated blood-pressure reading, without diagnosis of hypertension",,,https://id.who.int/icd/release/11/2025-01/mms/523963970/other,MC80.0Y,ICD-11 MMS Chapter 21 API,,2025-01
1340,"Other specified experiences of influence, passivity, and control","other specified experiences of influence, passivity, and control",,,https://id.who.int/icd/release/11/2025-01/mms/1705252140/other,MB26.1Y,ICD-11 MMS Chapter 21 API,,2025-01
1801,Other specified faecal incontinence,other specified faecal incontinence,,,https://id.who.int/icd/release/11/2025-01/mms/790417430/other,ME07.Y,ICD-11 MMS Chapter 21 API,,2025-01
1866,Other specified fear of cancer,other specified fear of cancer,,,https://id.who.int/icd/release/11/2025-01/mms/1907420475/other,MG24.0Y,ICD-11 MMS Chapter 21 API,,2025-01
1770,Other specified functional level of injury of spinal cord,other specified functional level of injury of spinal cord,,,https://id.who.int/icd/release/11/2025-01/mms/1974584933/other,MB57.Y,ICD-11 MMS Chapter 21 API,,2025-01
1228,Other specified general symptoms,other specified general symptoms,,,https://id.who.int/icd/release/11/2025-01/mms/1390117811/other,MG4Y,ICD-11 MMS Chapter 21 API,,2025-01
1873,Other specified generalised oedema,other specified generalised oedema,,,https://id.who.int/icd/release/11/2025-01/mms/464234830/other,MG29.1Y,ICD-11 MMS Chapter 21 API,,2025-01
1348,Other specified hallucinations,other specified hallucinations,,,https://id.who.int/icd/release/11/2025-01/mms/665363966/other,MB27.2Y,ICD-11 MMS Chapter 21 API,,2025-01
1275,"Other specified immunological findings in blood, blood-forming organs, or the immune system","other specified immunological findings in blood, blood-forming organs, or the immune system",,,https://id.who.int/icd/release/11/2025-01/mms/263884448/other,MA14.Y,ICD-11 MMS Chapter 21 API,,2025-01
1081,Other specified impairment of electrophysiological functions,other specified impairment of electrophysiological functions,,,https://id.who.int/icd/release/11/2025-01/mms/893837861/other,MC21.Y,ICD-11 MMS Chapter 21 API,,2025-01
1894,Other specified insufficient intake of food or water due to self neglect,other specified insufficient intake of food or water due to self neglect,,,https://id.who.int/icd/release/11/2025-01/mms/1774361318/other,MG43.4Y,ICD-11 MMS Chapter 21 API,,2025-01
1838,Other specified intervertebral disc stenosis of neural canal,other specified intervertebral disc stenosis of neural canal,,,https://id.who.int/icd/release/11/2025-01/mms/9342647/other,ME93.4Y,ICD-11 MMS Chapter 21 API,,2025-01
1375,Other specified lack of coordination,other specified lack of coordination,,,https://id.who.int/icd/release/11/2025-01/mms/961178280/other,MB45.Y,ICD-11 MMS Chapter 21 API,,2025-01
1901,Other specified lack of expected normal physiological development,other specified lack of expected normal physiological development,,,https://id.who.int/icd/release/11/2025-01/mms/551140748/other,MG44.1Y,ICD-11 MMS Chapter 21 API,,2025-01
1871,Other specified localised oedema,other specified localised oedema,,,https://id.who.int/icd/release/11/2025-01/mms/2128635100/other,MG29.0Y,ICD-11 MMS Chapter 21 API,,2025-01
1823,Other specified low back pain,other specified low back pain,,,https://id.who.int/icd/release/11/2025-01/mms/1815305992/other,ME84.2Y,ICD-11 MMS Chapter 21 API,,2025-01
1618,Other specified macroscopic changes of size of the kidney,other specified macroscopic changes of size of the kidney,,,https://id.who.int/icd/release/11/2025-01/mms/1958761246/other,MF54.Y,ICD-11 MMS Chapter 21 API,,2025-01
1278,"Other specified microbiological findings in blood, blood-forming organs, or the immune system","other specified microbiological findings in blood, blood-forming organs, or the immune system",,,https://id.who.int/icd/release/11/2025-01/mms/2020075784/other,MA15.Y,ICD-11 MMS Chapter 21 API,,2025-01
1779,Other specified mouth breathing,other specified mouth breathing,,,https://id.who.int/icd/release/11/2025-01/mms/1530206530/other,MD11.8Y,ICD-11 MMS Chapter 21 API,,2025-01
1563,Other specified musculoskeletal chest pain,other specified musculoskeletal chest pain,,,https://id.who.int/icd/release/11/2025-01/mms/1556080152/other,ME81.Y,ICD-11 MMS Chapter 21 API,,2025-01
1419,Other specified paralytic symptoms,other specified paralytic symptoms,,,https://id.who.int/icd/release/11/2025-01/mms/1882771459/other,MB5Y,ICD-11 MMS Chapter 21 API,,2025-01
1605,Other specified problems of male genital organs,other specified problems of male genital organs,,,https://id.who.int/icd/release/11/2025-01/mms/146998050/other,MF40.Y,ICD-11 MMS Chapter 21 API,,2025-01
1625,Other specified proteinuria,other specified proteinuria,,,https://id.who.int/icd/release/11/2025-01/mms/930895737/other,MF96.Y,ICD-11 MMS Chapter 21 API,,2025-01
1820,Other specified rash,other specified rash,,,https://id.who.int/icd/release/11/2025-01/mms/1672472938/other,ME66.6Y,ICD-11 MMS Chapter 21 API,,2025-01
1359,Other specified sensation disturbance,other specified sensation disturbance,,,https://id.who.int/icd/release/11/2025-01/mms/494503817/other,MB40.Y,ICD-11 MMS Chapter 21 API,,2025-01
1666,Other specified shock,other specified shock,,,https://id.who.int/icd/release/11/2025-01/mms/1164022950/other,MG40.Y,ICD-11 MMS Chapter 21 API,,2025-01
1561,Other specified skin changes,other specified skin changes,,,https://id.who.int/icd/release/11/2025-01/mms/1040820675/other,ME66.Y,ICD-11 MMS Chapter 21 API,,2025-01
1298,Other specified speech or language disturbances,other specified speech or language disturbances,,,https://id.who.int/icd/release/11/2025-01/mms/312794303/other,MA80.Y,ICD-11 MMS Chapter 21 API,,2025-01
1257,"Other specified sudden death, cause unknown","other specified sudden death, cause unknown",,,https://id.who.int/icd/release/11/2025-01/mms/2012689694/other,MH12.Y,ICD-11 MMS Chapter 21 API,,2025-01
1411,Other specified symbolic dysfunctions,other specified symbolic dysfunctions,,,https://id.who.int/icd/release/11/2025-01/mms/1875757565/other,MB4B.Y,ICD-11 MMS Chapter 21 API,,2025-01
1828,Other specified symptom or complaint of the back,other specified symptom or complaint of the back,,,https://id.who.int/icd/release/11/2025-01/mms/940073673/other,ME86.2Y,ICD-11 MMS Chapter 21 API,,2025-01
1841,Other specified symptom or complaint of the penis,other specified symptom or complaint of the penis,,,https://id.who.int/icd/release/11/2025-01/mms/2059818457/other,MF40.0Y,ICD-11 MMS Chapter 21 API,,2025-01
1844,Other specified symptom or complaint of the scrotum or testis,other specified symptom or complaint of the scrotum or testis,,,https://id.who.int/icd/release/11/2025-01/mms/1297446055/other,MF40.2Y,ICD-11 MMS Chapter 21 API,,2025-01
1831,Other specified symptom or complaint of the shoulder,other specified symptom or complaint of the shoulder,,,https://id.who.int/icd/release/11/2025-01/mms/490457504/other,ME86.DY,ICD-11 MMS Chapter 21 API,,2025-01
1472,Other specified symptom or complaint of the throat,other specified symptom or complaint of the throat,,,https://id.who.int/icd/release/11/2025-01/mms/1034943794/other,MD36.Y,ICD-11 MMS Chapter 21 API,,2025-01
967,Other specified symptoms and signs involving appearance and behaviour,other specified symptoms and signs involving appearance and behaviour,,,https://id.who.int/icd/release/11/2025-01/mms/2012156203/other,MB23.Y,ICD-11 MMS Chapter 21 API,,2025-01
1035,Other specified symptoms and signs involving eating and related behaviour,other specified symptoms and signs involving eating and related behaviour,,,https://id.who.int/icd/release/11/2025-01/mms/461601738/other,MB29.Y,ICD-11 MMS Chapter 21 API,,2025-01
1039,Other specified symptoms and signs involving elimination,other specified symptoms and signs involving elimination,,,https://id.who.int/icd/release/11/2025-01/mms/18362960/other,MB2A.Y,ICD-11 MMS Chapter 21 API,,2025-01
983,Other specified symptoms and signs involving mood or affect,other specified symptoms and signs involving mood or affect,,,https://id.who.int/icd/release/11/2025-01/mms/54673878/other,MB24.Y,ICD-11 MMS Chapter 21 API,,2025-01
1028,Other specified symptoms and signs related to personality features,other specified symptoms and signs related to personality features,,,https://id.who.int/icd/release/11/2025-01/mms/715037170/other,MB28.Y,ICD-11 MMS Chapter 21 API,,2025-01
1676,Other specified symptoms or signs concerning food or fluid intake,other specified symptoms or signs concerning food or fluid intake,,,https://id.who.int/icd/release/11/2025-01/mms/1167224858/other,MG43.Y,ICD-11 MMS Chapter 21 API,,2025-01
1002,Other specified symptoms or signs involving content of thought,other specified symptoms or signs involving content of thought,,,https://id.who.int/icd/release/11/2025-01/mms/1166728139/other,MB26.Y,ICD-11 MMS Chapter 21 API,,2025-01
942,Other specified symptoms or signs involving motivation or energy,other specified symptoms or signs involving motivation or energy,,,https://id.who.int/icd/release/11/2025-01/mms/1083684571/other,MB22.Y,ICD-11 MMS Chapter 21 API,,2025-01
921,"Other specified symptoms or signs involving speech, language or voice","other specified symptoms or signs involving speech, language or voice",,,https://id.who.int/icd/release/11/2025-01/mms/981358586/other,MA8Y,ICD-11 MMS Chapter 21 API,,2025-01
1094,Other specified symptoms or signs involving the circulatory system,other specified symptoms or signs involving the circulatory system,,,https://id.who.int/icd/release/11/2025-01/mms/757547077/other,MC8Y,ICD-11 MMS Chapter 21 API,,2025-01
1116,Other specified symptoms or signs involving the digestive system or abdomen,other specified symptoms or signs involving the digestive system or abdomen,,,https://id.who.int/icd/release/11/2025-01/mms/469219785/other,ME1Y,ICD-11 MMS Chapter 21 API,,2025-01
1084,Other specified symptoms or signs involving the ear or mastoid process,other specified symptoms or signs involving the ear or mastoid process,,,https://id.who.int/icd/release/11/2025-01/mms/198156328/other,MC4Y,ICD-11 MMS Chapter 21 API,,2025-01
1056,Other specified symptoms or signs involving the nervous system,other specified symptoms or signs involving the nervous system,,,https://id.who.int/icd/release/11/2025-01/mms/1986005526/other,MB6Y,ICD-11 MMS Chapter 21 API,,2025-01
1105,Other specified symptoms or signs involving the respiratory system,other specified symptoms or signs involving the respiratory system,,,https://id.who.int/icd/release/11/2025-01/mms/1758207185/other,MD3Y,ICD-11 MMS Chapter 21 API,,2025-01
1131,Other specified symptoms or signs involving the skin,other specified symptoms or signs involving the skin,,,https://id.who.int/icd/release/11/2025-01/mms/610583617/other,ME6Y,ICD-11 MMS Chapter 21 API,,2025-01
1074,Other specified symptoms or signs involving the visual system,other specified symptoms or signs involving the visual system,,,https://id.who.int/icd/release/11/2025-01/mms/878967589/other,MC1Y,ICD-11 MMS Chapter 21 API,,2025-01
903,"Other specified symptoms or signs of blood, blood-forming organs, or the immune system","other specified symptoms or signs of blood, blood-forming organs, or the immune system",,,https://id.who.int/icd/release/11/2025-01/mms/739755954/other,MA0Y,ICD-11 MMS Chapter 21 API,,2025-01
989,Other specified symptoms or signs of form of thought,other specified symptoms or signs of form of thought,,,https://id.who.int/icd/release/11/2025-01/mms/1707021193/other,MB25.Y,ICD-11 MMS Chapter 21 API,,2025-01
1008,Other specified symptoms or signs of perceptual disturbance,other specified symptoms or signs of perceptual disturbance,,,https://id.who.int/icd/release/11/2025-01/mms/1711901760/other,MB27.Y,ICD-11 MMS Chapter 21 API,,2025-01
1139,Other specified symptoms or signs of the musculoskeletal system,other specified symptoms or signs of the musculoskeletal system,,,https://id.who.int/icd/release/11/2025-01/mms/1219078201/other,ME8Y,ICD-11 MMS Chapter 21 API,,2025-01
1485,Other specified symptoms or signs of the orofacial complex,other specified symptoms or signs of the orofacial complex,,,https://id.who.int/icd/release/11/2025-01/mms/481399219/other,MD80.Y,ICD-11 MMS Chapter 21 API,,2025-01
1320,Other specified symptoms or signs of thought disorder,other specified symptoms or signs of thought disorder,,,https://id.who.int/icd/release/11/2025-01/mms/1693572010/other,MB25.0Y,ICD-11 MMS Chapter 21 API,,2025-01
1679,Other specified symptoms peculiar to infancy,other specified symptoms peculiar to infancy,,,https://id.who.int/icd/release/11/2025-01/mms/338613294/other,MG44.Y,ICD-11 MMS Chapter 21 API,,2025-01
1500,Other specified symptoms related to the lower gastrointestinal tract or abdomen,other specified symptoms related to the lower gastrointestinal tract or abdomen,,,https://id.who.int/icd/release/11/2025-01/mms/1511651595/other,ME0Y,ICD-11 MMS Chapter 21 API,,2025-01
1492,Other specified symptoms related to the upper gastrointestinal tract,other specified symptoms related to the upper gastrointestinal tract,,,https://id.who.int/icd/release/11/2025-01/mms/2112402577/other,MD9Y,ICD-11 MMS Chapter 21 API,,2025-01
934,"Other specified symptoms, signs or clinical findings involving cognition","other specified symptoms, signs or clinical findings involving cognition",,,https://id.who.int/icd/release/11/2025-01/mms/1282135070/other,MB21.Y,ICD-11 MMS Chapter 21 API,,2025-01
924,"Other specified symptoms, signs or clinical findings involving consciousness","other specified symptoms, signs or clinical findings involving consciousness",,,https://id.who.int/icd/release/11/2025-01/mms/1632259883/other,MB20.Y,ICD-11 MMS Chapter 21 API,,2025-01
1155,"Other specified symptoms, signs or clinical findings involving the female genital system","other specified symptoms, signs or clinical findings involving the female genital system",,,https://id.who.int/icd/release/11/2025-01/mms/260602177/other,MF3Y,ICD-11 MMS Chapter 21 API,,2025-01
1159,"Other specified symptoms, signs or clinical findings involving the male genital system","other specified symptoms, signs or clinical findings involving the male genital system",,,https://id.who.int/icd/release/11/2025-01/mms/788450242/other,MF4Y,ICD-11 MMS Chapter 21 API,,2025-01
1167,"Other specified symptoms, signs or clinical findings involving the urinary system","other specified symptoms, signs or clinical findings involving the urinary system",,,https://id.who.int/icd/release/11/2025-01/mms/722165552/other,MF5Y,ICD-11 MMS Chapter 21 API,,2025-01
1682,Other specified syncope or collapse,other specified syncope or collapse,,,https://id.who.int/icd/release/11/2025-01/mms/1418136013/other,MG45.Y,ICD-11 MMS Chapter 21 API,,2025-01
1850,Other specified urinary incontinence,other specified urinary incontinence,,,https://id.who.int/icd/release/11/2025-01/mms/766129123/other,MF50.2Y,ICD-11 MMS Chapter 21 API,,2025-01
1748,Other specified vertigo,other specified vertigo,,,https://id.who.int/icd/release/11/2025-01/mms/1398634694/other,MB48.0Y,ICD-11 MMS Chapter 21 API,,2025-01
1303,Other specified voice disturbances,other specified voice disturbances,,,https://id.who.int/icd/release/11/2025-01/mms/176555113/other,MA82.Y,ICD-11 MMS Chapter 21 API,,2025-01
1151,Other symptom or complaint of vagina,other symptom or complaint of vagina,,,https://id.who.int/icd/release/11/2025-01/mms/1095698549,MF36,ICD-11 MMS Chapter 21 API,,2025-01
1668,Overeating,overeating,The consumption of excess food in relation to energy and nutritional requirements.,,https://id.who.int/icd/release/11/2025-01/mms/1853970831,MG43.1,ICD-11 MMS Chapter 21 API,,2025-01
997,Overvalued ideas,overvalued ideas,"Unreasonable and sustained beliefs that are maintained with less than delusional intensity (i.e., the person is able to acknowledge the possibility that the belief may not be true). An alternative use of this term is to refer to conventional or plausible thoughts (e.g., religious concepts, political ideas, or excessively idealistic beliefs) that are held with such a level of intensity so that the person's life is taken up by them.",,https://id.who.int/icd/release/11/2025-01/mms/510666199,MB26.6,ICD-11 MMS Chapter 21 API,,2025-01
33,Paediatric nodal marginal zone lymphoma,,"A nodal marginal zone lymphoma affecting the pediatric population, predominantly males. It presents with asymptomatic and localised (mainly head and neck) disease in the vast majority of cases. Morphologically there is often progressive transformation of the germinal centers. The prognosis is excellent.",,https://id.who.int/icd/entity/933327910,,WHO ICD-11 API,,2025-01
79,Pain,pain,,,,,Extracted from disease definitions (mentioned in 108 diseases),,2025-01
314,Pain During Sex,pain during sex,,,,,Extracted from disease definitions (mentioned in 1 diseases),,2025-01
583,Pain In The Abdomen In Females,pain in the abdomen in females,,,,,Extracted from disease definitions (mentioned in 1 diseases),,2025-01
562,Pain On Moving The Eye,pain on moving the eye,,,,,Extracted from disease definitions (mentioned in 1 diseases),,2025-01
1134,Pain in joint,pain in joint,"Arthralgia secondary to inflammation, cartilage degeneration, crystal deposition, infection, and trauma not detailed in or used in conjunction with other condition.",,https://id.who.int/icd/release/11/2025-01/mms/9272848,ME82,ICD-11 MMS Chapter 21 API,,2025-01
1840,Pain in penis,pain in penis,,,https://id.who.int/icd/release/11/2025-01/mms/176864342,MF40.00,ICD-11 MMS Chapter 21 API,,2025-01
1471,Pain in throat,pain in throat,Pain in throat means having pain sensation in throat. Throat is a tube that carries food to oesophagus and air to windpipe and larynx.,,https://id.who.int/icd/release/11/2025-01/mms/633724732,MD36.0,ICD-11 MMS Chapter 21 API,,2025-01
1098,Pain in throat or chest,pain in throat or chest,Pain in throat and chest means having pain sensation in throat or chest. Throat is a tube that carries food to oesophagus and air to windpipe and larynx. The technical name for throat is pharynx.,,https://id.who.int/icd/release/11/2025-01/mms/1765737830,MD30,ICD-11 MMS Chapter 21 API,,2025-01
1788,Pain localised to other parts of lower abdomen,pain localised to other parts of lower abdomen,"Pain, an unpleasant distress sensation, which is localised to other part of lower abdomen than the pelvic or perineal region.",,https://id.who.int/icd/release/11/2025-01/mms/2047598004,MD81.12,ICD-11 MMS Chapter 21 API,,2025-01
1786,Pain localised to upper abdomen,pain localised to upper abdomen,"Pain, an unpleasant distress sensation, which is localised to upper part of abdomen.",,https://id.who.int/icd/release/11/2025-01/mms/1810710745,MD81.10,ICD-11 MMS Chapter 21 API,,2025-01
1551,Pain or tenderness of skin,pain or tenderness of skin,,,https://id.who.int/icd/release/11/2025-01/mms/1181522088,ME65.2,ICD-11 MMS Chapter 21 API,,2025-01
1663,"Pain, unspecified","pain, unspecified",,,https://id.who.int/icd/release/11/2025-01/mms/661232217/unspecified,MG3Z,ICD-11 MMS Chapter 21 API,,2025-01
283,Painful,painful,,,,,Extracted from disease definitions (mentioned in 2 diseases),,2025-01
594,Painful Abscesses In The Mouth,painful abscesses in the mouth,,,,,Extracted from disease definitions (mentioned in 1 diseases),,2025-01
396,Painful Contractions,painful contractions,,,,,Extracted from disease definitions (mentioned in 1 diseases),,2025-01
879,Painful intercourse,painful intercourse,,,,,Curated symptom vocabulary,,2025-01
874,Painful periods,painful periods,,,,,Curated symptom vocabulary,,2025-01
723,Painful swallowing,painful swallowing,,,,,Curated symptom vocabulary,,2025-01
578,Painful urination,painful urination,,,,,Extracted from disease definitions (mentioned in 1 diseases),,2025-01
631,Painless,painless,,,,,Extracted from disease definitions (mentioned in 1 diseases),,2025-01
352,Painless Fatigable Muscle Weakness,painless fatigable muscle weakness,,,,,Extracted from disease definitions (mentioned in 1 diseases),,2025-01
443,Pale,pale,,,,,Extracted from disease definitions (mentioned in 1 diseases),,2025-01
738,Pale stools,pale stools,,,,,Curated symptom vocabulary,,2025-01
97,Pallor,pallor,,,,,Extracted from disease definitions (mentioned in 22 diseases),,2025-01
256,Pallor Of Skin,pallor of skin,,,,,Extracted from disease definitions (mentioned in 2 diseases),,2025-01
1066,Pallor conjunctiva,pallor conjunctiva,,,https://id.who.int/icd/release/11/2025-01/mms/1920226292,MC16,ICD-11 MMS Chapter 21 API,,2025-01
228,Palpitations,palpitations,,,,,Extracted from disease definitions (mentioned in 3 diseases),,2025-01
960,Panic attack,panic attack,"A discrete episode of intense fear or apprehension accompanied by the rapid and concurrent onset of a number of characteristic symptoms. These symptoms may include, but are not limited to, palpitations or increased heart rate, sweating, trembling, sensations of shortness of breath, feelings of choking, chest pain, nausea or abdominal distress, feelings of dizziness or lightheadedness, chills or hot flushes, tingling or lack of sensation in extremities (i.e., paresthesias), depersonalization or derealization, fear of losing control or going mad, and fear of imminent death. Panic attacks can appear out of the blue or can be triggered by particular situations.",,https://id.who.int/icd/release/11/2025-01/mms/1707067746,MB23.H,ICD-11 MMS Chapter 21 API,,2025-01
170,Panic attacks,panic attacks,,,,,Extracted from disease definitions (mentioned in 5 diseases),,2025-01
510,Paraesthesia,paraesthesia,,,,,Extracted from disease definitions (mentioned in 1 diseases),,2025-01
121,Paralysis,paralysis,,,,,Extracted from disease definitions (mentioned in 15 diseases),,2025-01
487,Paralysis Of The Peripheral Nerves,paralysis of the peripheral nerves,,,,,Extracted from disease definitions (mentioned in 1 diseases),,2025-01
1366,Paralytic gait,paralytic gait,"A collection of gait abnormalities due to affected motor control, sensory feedback, and muscle strength.",,https://id.who.int/icd/release/11/2025-01/mms/2084740171,MB44.1,ICD-11 MMS Chapter 21 API,,2025-01
1054,Paralytic symptoms,paralytic symptoms,,,https://id.who.int/icd/release/11/2025-01/mms/1882771459,,ICD-11 MMS Chapter 21 API,,2025-01
1420,"Paralytic symptoms, unspecified","paralytic symptoms, unspecified",,,https://id.who.int/icd/release/11/2025-01/mms/1882771459/unspecified,MB5Z,ICD-11 MMS Chapter 21 API,,2025-01
523,Paranoia,paranoia,,,,,Extracted from disease definitions (mentioned in 1 diseases),,2025-01
998,Paranoid ideation,paranoid ideation,"Ideation, not held with delusional intensity, involving suspiciousness or beliefs of being harassed, persecuted, or unfairly treated by others.",,https://id.who.int/icd/release/11/2025-01/mms/1642903226,MB26.7,ICD-11 MMS Chapter 21 API,,2025-01
299,Paraplegia,paraplegia,,,,,Extracted from disease definitions (mentioned in 2 diseases),,2025-01
1361,Parosmia,parosmia,,,https://id.who.int/icd/release/11/2025-01/mms/974671636,MB41.1,ICD-11 MMS Chapter 21 API,,2025-01
603,Parotid Pain,parotid pain,,,,,Extracted from disease definitions (mentioned in 1 diseases),,2025-01
279,Paroxysmal Cough,paroxysmal cough,,,,,Extracted from disease definitions (mentioned in 2 diseases),,2025-01
686,Paroxysmal nocturnal dyspnoea,paroxysmal nocturnal dyspnoea,,,,,Curated symptom vocabulary,,2025-01
1441,Paroxysmal tachycardia,paroxysmal tachycardia,,,https://id.who.int/icd/release/11/2025-01/mms/1926915195,MC81.3,ICD-11 MMS Chapter 21 API,,2025-01
1194,Pauci-immune proliferative glomerulonephritis,pauci-immune proliferative glomerulonephritis,A focal and segmental necrotising glomerulonephritis with no immune deposits (“pauci-immune”). Typical of glomerular involvement in anti-neutrophil cytoplasmic antibody (ANCA) mediated vasculitis – microscopic polyangiitis and Wegener's granulomatosis. Most but not all patients have circulation ANCA when there is active disease.,,https://id.who.int/icd/release/11/2025-01/mms/1359757645,MF84,ICD-11 MMS Chapter 21 API,,2025-01
689,Pedal oedema,pedal oedema,,,,,Curated symptom vocabulary,,2025-01
680,Pelvic cramps,pelvic cramps,,,,,Curated symptom vocabulary,,2025-01
1787,Pelvic or perineal pain,pelvic or perineal pain,"Pain, an unpleasant distress sensation, which occurs in the pelvic and perineal region.",,https://id.who.int/icd/release/11/2025-01/mms/524292134,MD81.11,ICD-11 MMS Chapter 21 API,,2025-01
204,Pelvic pain,pelvic pain,,,,,Extracted from disease definitions (mentioned in 4 diseases),,2025-01
387,Penetrative Pain,penetrative pain,,,,,Extracted from disease definitions (mentioned in 1 diseases),,2025-01
867,Penile discharge,penile discharge,,,,,Curated symptom vocabulary,,2025-01
1022,Perfectionism,perfectionism,An inclination to demand flawlessness of oneself or others and setting excessively high standards.,,https://id.who.int/icd/release/11/2025-01/mms/1084958604,MB28.C,ICD-11 MMS Chapter 21 API,,2025-01
1808,Perforation of gallbladder or bile ducts,perforation of gallbladder or bile ducts,This is perforation in the small organ that aids mainly in fat digestion and concentrates bile produced by the liver and in any of a number of long tube-like structures that carry bile.,,https://id.who.int/icd/release/11/2025-01/mms/1796445107,ME24.35,ICD-11 MMS Chapter 21 API,,2025-01
1807,Perforation of large intestine,perforation of large intestine,"Perforation of large intestine is a complete penetration of the colonic wall, often resulting in the leakage of luminal contents into the abdominal cavity. Perforation of large intestine results in the potential for bacterial contamination of the abdominal cavity and peritonitis.",,https://id.who.int/icd/release/11/2025-01/mms/291026076,ME24.31,ICD-11 MMS Chapter 21 API,,2025-01
1806,Perforation of small intestine,perforation of small intestine,"Small intestinal perforation is a complete penetration of the wall of small intestine, often resulting in the leakage of small intestinal contents into the abdominal cavity.",,https://id.who.int/icd/release/11/2025-01/mms/250657475,ME24.30,ICD-11 MMS Chapter 21 API,,2025-01
473,Periods Of Confusion,periods of confusion,,,,,Extracted from disease definitions (mentioned in 1 diseases),,2025-01
339,Periods Of Insomnia,periods of insomnia,,,,,Extracted from disease definitions (mentioned in 1 diseases),,2025-01
544,Peripheral Neuropathy,peripheral neuropathy,,,,,Extracted from disease definitions (mentioned in 1 diseases),,2025-01
698,Peripheral cyanosis,peripheral cyanosis,,,,,Curated symptom vocabulary,,2025-01
763,Peripheral neuropathy symptoms,peripheral neuropathy symptoms,,,,,Curated symptom vocabulary,,2025-01
49,Pernicious anaemia,,"Acquired pernicious anaemia, also called Biermer's disease, is a disorder in vitamin B12 (cobalamin) absorption characterised by megaloblastic anaemia and gastrointestinal symptoms, and that can lead to neurological abnormalities.",,https://id.who.int/icd/entity/1493613976,,WHO ICD-11 API,,2025-01
1329,Persecutory delusion,persecutory delusion,"A delusion in which the central theme is that one (or someone to whom one is close) is being attacked, mocked, harassed, cheated, conspired against, or persecuted.",,https://id.who.int/icd/release/11/2025-01/mms/860615074,MB26.07,ICD-11 MMS Chapter 21 API,,2025-01
932,Perseveration,perseveration,"Persistent repetition of previously used words, phrases, or details that are not responsive to the demands of the situation.",,https://id.who.int/icd/release/11/2025-01/mms/1965065010,MB21.9,ICD-11 MMS Chapter 21 API,,2025-01
772,Personality change,personality change,,,,,Curated symptom vocabulary,,2025-01
514,Pervasive Irritability,pervasive irritability,,,,,Extracted from disease definitions (mentioned in 1 diseases),,2025-01
1023,Pessimism,pessimism,"An inclination to emphasize adverse aspects, conditions, and possibilities, or to expect the worst possible outcome.",,https://id.who.int/icd/release/11/2025-01/mms/2118976964,MB28.D,ICD-11 MMS Chapter 21 API,,2025-01
210,Petechiae,petechiae,,,,,Extracted from disease definitions (mentioned in 4 diseases),,2025-01
154,Pharyngitis,pharyngitis,,,,,Extracted from disease definitions (mentioned in 7 diseases),,2025-01
161,Phonophobia,phonophobia,,,,,Extracted from disease definitions (mentioned in 6 diseases),,2025-01
301,Phonophobia May Be Present,phonophobia may be present,,,,,Extracted from disease definitions (mentioned in 2 diseases),,2025-01
105,Photophobia,photophobia,,,,,Extracted from disease definitions (mentioned in 19 diseases),,2025-01
557,Photophobia With Potential Progression To Stupor,photophobia with potential progression to stupor,,,,,Extracted from disease definitions (mentioned in 1 diseases),,2025-01
329,Physical Aggression,physical aggression,,,,,Extracted from disease definitions (mentioned in 1 diseases),,2025-01
795,Pigmentation changes,pigmentation changes,,,,,Curated symptom vocabulary,,2025-01
1526,Pigmented skin lesion of uncertain nature,pigmented skin lesion of uncertain nature,This denotes the presence of a pigmented skin lesion but uncertainty as to its nature. No inference as to whether the lesion might be of serious significance (e.g. suspected skin cancer) is made.,,https://id.who.int/icd/release/11/2025-01/mms/330822053,ME60.1,ICD-11 MMS Chapter 21 API,,2025-01
747,Pins and needles,pins and needles,,,,,Curated symptom vocabulary,,2025-01
690,Pitting oedema,pitting oedema,,,,,Curated symptom vocabulary,,2025-01
1870,Pitting of lip,pitting of lip,,,https://id.who.int/icd/release/11/2025-01/mms/13704120,MG29.02,ICD-11 MMS Chapter 21 API,,2025-01
32,Plasma cell myeloma,,"A bone marrow-based plasma cell neoplasm usually characterised by presence of a serum monoclonal protein and/or urinary light chains. ”CRAB” criteria (calcium elevation (hypercalcaemia), renal failure, anaemia and bone lesions) separate symptomatic plasma cell myeloma from asymptomatic (smoldering) myeloma.",,https://id.who.int/icd/entity/526287100,,WHO ICD-11 API,,2025-01
1099,Pleurisy,pleurisy,"Pleurisy or Pleuritis is the medical term for inflammation of the pleura. The most common cause of pleuritis is infection, but it can also be caused by lupus, rheumatoid arthritis, and certain medicines. Pleurisy or pleuritis usually accumulates exudative pleural effusions.",,https://id.who.int/icd/release/11/2025-01/mms/317852053,MD31,ICD-11 MMS Chapter 21 API,,2025-01
623,Pleuritic Pain,pleuritic pain,,,,,Extracted from disease definitions (mentioned in 1 diseases),,2025-01
713,Pleuritic chest pain,pleuritic chest pain,,,,,Curated symptom vocabulary,,2025-01
1083,Plugged feeling ear,plugged feeling ear,,,https://id.who.int/icd/release/11/2025-01/mms/742767859,MC40,ICD-11 MMS Chapter 21 API,,2025-01
1608,Pollakiuria,pollakiuria,,,https://id.who.int/icd/release/11/2025-01/mms/1684227885,MF50.1,ICD-11 MMS Chapter 21 API,,2025-01
424,Polyarthralgias,polyarthralgias,,,,,Extracted from disease definitions (mentioned in 1 diseases),,2025-01
643,Polydipsia,polydipsia,,,,,Curated symptom vocabulary,,2025-01
484,Polymyalgia Rheumatica,polymyalgia rheumatica,,,,,Extracted from disease definitions (mentioned in 1 diseases),,2025-01
1948,Polymyxin-resistant Pseudomonas aeruginosa,polymyxin-resistant pseudomonas aeruginosa,,,https://id.who.int/icd/release/11/2025-01/mms/591039384,MG50.81,ICD-11 MMS Chapter 21 API,,2025-01
645,Polyphagia,polyphagia,,,,,Curated symptom vocabulary,,2025-01
30,Polysplenia,,"A condition caused by the development of supernumerary spleens during the antenatal period. This condition may present with cardiac defects, anomalies in abdominal organs, or may be asymptomatic.",,https://id.who.int/icd/entity/765928537,,WHO ICD-11 API,,2025-01
850,Polyuria,polyuria,,,,,Curated symptom vocabulary,,2025-01
456,Poor appetite,poor appetite,,,,,Extracted from disease definitions (mentioned in 1 diseases),,2025-01
315,Poor concentration,poor concentration,,,,,Extracted from disease definitions (mentioned in 1 diseases),,2025-01
961,Poor personal hygiene,poor personal hygiene,"Unwillingness or inability to maintain a level of personal cleanliness that is in keeping with the standards of the person's culture, society, or setting, such as not washing or brushing one's teeth.",,https://id.who.int/icd/release/11/2025-01/mms/2035653497,MB23.J,ICD-11 MMS Chapter 21 API,,2025-01
1856,Poor urinary stream,poor urinary stream,"A reduced, slow or weak stream of urine",,https://id.who.int/icd/release/11/2025-01/mms/246655356,MF50.61,ICD-11 MMS Chapter 21 API,,2025-01
477,Portal Hypertension,portal hypertension,,,,,Extracted from disease definitions (mentioned in 1 diseases),,2025-01
567,Positional Vertigo,positional vertigo,,,,,Extracted from disease definitions (mentioned in 1 diseases),,2025-01
1781,Positive culture from nose,positive culture from nose,,,https://id.who.int/icd/release/11/2025-01/mms/2116727174,MD40.50,ICD-11 MMS Chapter 21 API,,2025-01
1817,Positive occult blood in stool,positive occult blood in stool,"Positive tests (positive stool) determined by faecal occult blood testing (FOBT), which aims to detect subtle blood loss in the gastrointestinal tract. Positive occult blood in stool may suggest gastrointestinal bleeding and warrant further investigation, especially for malignancy.",,https://id.who.int/icd/release/11/2025-01/mms/1048974920,ME24.A6,ICD-11 MMS Chapter 21 API,,2025-01
1782,Positive sputum culture,positive sputum culture,,,https://id.who.int/icd/release/11/2025-01/mms/1541925958,MD40.51,ICD-11 MMS Chapter 21 API,,2025-01
1783,Positive throat culture,positive throat culture,,,https://id.who.int/icd/release/11/2025-01/mms/5542181,MD40.52,ICD-11 MMS Chapter 21 API,,2025-01
876,Postmenopausal bleeding,postmenopausal bleeding,,,,,Curated symptom vocabulary,,2025-01
711,Postnasal drip,postnasal drip,,,,,Curated symptom vocabulary,,2025-01
1150,Postpartum symptom or complaint,postpartum symptom or complaint,,,https://id.who.int/icd/release/11/2025-01/mms/651708716,MF35,ICD-11 MMS Chapter 21 API,,2025-01
962,Poverty of speech,poverty of speech,A general lack of the unprompted content and elaboration normally seen in speech that is attributed to poverty of thought. It is one of the negative symptoms of Schizophrenia.,,https://id.who.int/icd/release/11/2025-01/mms/384775286,MB23.K,ICD-11 MMS Chapter 21 API,,2025-01
1091,Precordial pain,precordial pain,,,https://id.who.int/icd/release/11/2025-01/mms/874725975,MC86,ICD-11 MMS Chapter 21 API,,2025-01
526,Predominantly Central Apnoeas,predominantly central apnoeas,,,,,Extracted from disease definitions (mentioned in 1 diseases),,2025-01
1149,Pregnancy symptom or complaint,pregnancy symptom or complaint,,,https://id.who.int/icd/release/11/2025-01/mms/119586226,MF34,ICD-11 MMS Chapter 21 API,,2025-01
394,Pregnancy-Induced Hypertension,pregnancy-induced hypertension,,,,,Extracted from disease definitions (mentioned in 1 diseases),,2025-01
1148,Premenstrual symptom or complaint,premenstrual symptom or complaint,"A symptom of premenstrual syndrome affecting females that is idiopathic. This symptom is characterised by cyclic emotional, physical, or behavioural symptoms such as mood alterations, psychological changes, fluid retention, neurologic changes, gastrointestinal changes, pelvic heaviness, or dermatological changes affecting women in the luteal phase of the menstrual cycle that interfere with an individual's lifestyle.",,https://id.who.int/icd/release/11/2025-01/mms/1388194024,MF33,ICD-11 MMS Chapter 21 API,,2025-01
406,Presence Of A Tracheal Tube Airway Device,presence of a tracheal tube airway device,,,,,Extracted from disease definitions (mentioned in 1 diseases),,2025-01
577,Pressure,pressure,,,,,Extracted from disease definitions (mentioned in 1 diseases),,2025-01
1092,Pressure or tightness of heart,pressure or tightness of heart,,,https://id.who.int/icd/release/11/2025-01/mms/741803000,MC87,ICD-11 MMS Chapter 21 API,,2025-01
800,Pressure sore,pressure sore,,,,,Curated symptom vocabulary,,2025-01
963,Pressured speech,pressured speech,"Speech in which the person feels undue pressure to get the words out. The person’s speech is usually rapid, loud, and emphatic and may be difficult or impossible to interrupt. Frequently, the person talks without any social stimulation and may continue to talk even though no one is listening.",,https://id.who.int/icd/release/11/2025-01/mms/1237884357,MB23.L,ICD-11 MMS Chapter 21 API,,2025-01
692,Presyncope,presyncope,,,,,Curated symptom vocabulary,,2025-01
1586,Problem of other specified body part,problem of other specified body part,,,https://id.who.int/icd/release/11/2025-01/mms/1478037730/other,ME86.Y,ICD-11 MMS Chapter 21 API,,2025-01
1587,Problem of unspecified body part,problem of unspecified body part,,,https://id.who.int/icd/release/11/2025-01/mms/1478037730/unspecified,ME86.Z,ICD-11 MMS Chapter 21 API,,2025-01
1156,Problems of male genital organs,problems of male genital organs,A group of disorders associated with the male genital organs occurring in diseases more specifically classified elsewhere.,,https://id.who.int/icd/release/11/2025-01/mms/146998050,MF40,ICD-11 MMS Chapter 21 API,,2025-01
1606,"Problems of male genital organs, unspecified","problems of male genital organs, unspecified",,,https://id.who.int/icd/release/11/2025-01/mms/146998050/unspecified,MF40.Z,ICD-11 MMS Chapter 21 API,,2025-01
1602,Problems of the prostate,problems of the prostate,A group of disorders associated with the prostate occurring in diseases more specifically classified elsewhere.,,https://id.who.int/icd/release/11/2025-01/mms/2072779926,MF40.1,ICD-11 MMS Chapter 21 API,,2025-01
1499,"Problems with defaecation, not otherwise specified","problems with defaecation, not otherwise specified",,,https://id.who.int/icd/release/11/2025-01/mms/210393504,ME0B,ICD-11 MMS Chapter 21 API,,2025-01
368,Productive cough,productive cough,,,,,Extracted from disease definitions (mentioned in 1 diseases),,2025-01
494,Profound Hypotension,profound hypotension,,,,,Extracted from disease definitions (mentioned in 1 diseases),,2025-01
1079,Profound impairment of electrooculogram,profound impairment of electrooculogram,,,https://id.who.int/icd/release/11/2025-01/mms/1150458544,MC21.0,ICD-11 MMS Chapter 21 API,,2025-01
355,Progressive Dementia,progressive dementia,,,,,Extracted from disease definitions (mentioned in 1 diseases),,2025-01
534,Progressive Spastic Paraplegia,progressive spastic paraplegia,,,,,Extracted from disease definitions (mentioned in 1 diseases),,2025-01
565,Progressive Weakness Of Ocular Muscles,progressive weakness of ocular muscles,,,,,Extracted from disease definitions (mentioned in 1 diseases),,2025-01
379,Prolonged Menstrual Bleeding,prolonged menstrual bleeding,,,,,Extracted from disease definitions (mentioned in 1 diseases),,2025-01
220,Prolonged bleeding,prolonged bleeding,,,,,Extracted from disease definitions (mentioned in 3 diseases),,2025-01
1093,Prominent veins,prominent veins,,,https://id.who.int/icd/release/11/2025-01/mms/1412769398,MC88,ICD-11 MMS Chapter 21 API,,2025-01
826,Proptosis,proptosis,,,,,Curated symptom vocabulary,,2025-01
207,Proteinuria,proteinuria,,,,,Extracted from disease definitions (mentioned in 4 diseases),,2025-01
1626,"Proteinuria, unspecified","proteinuria, unspecified",,,https://id.who.int/icd/release/11/2025-01/mms/930895737/unspecified,MF96.Z,ICD-11 MMS Chapter 21 API,,2025-01
827,Protruding eyes,protruding eyes,,,,,Curated symptom vocabulary,,2025-01
552,Proximal Weakness Of The Legs,proximal weakness of the legs,,,,,Extracted from disease definitions (mentioned in 1 diseases),,2025-01
177,Pruritus,pruritus,,,,,Extracted from disease definitions (mentioned in 5 diseases),,2025-01
31,Pseudocyst of spleen,,"A disease caused by determinants arising after birth, during the antenatal period or by genetically inherited factors. This disease is characterised by a noncancerous fluid-filled sac, pseudocysts are like cysts, but lack epithelial or endothelial cells. This disease is often asymptomatic but may present with abdominal pain, nausea and vomiting. Confirmation is through medical imaging.",,https://id.who.int/icd/entity/703716809,,WHO ICD-11 API,,2025-01
252,Psychomotor Agitation,psychomotor agitation,,,,,Extracted from disease definitions (mentioned in 3 diseases),,2025-01
964,Psychomotor retardation,psychomotor retardation,A visible generalised slowing of movements and speech.,,https://id.who.int/icd/release/11/2025-01/mms/2115393556,MB23.N,ICD-11 MMS Chapter 21 API,,2025-01
766,Psychosis,psychosis,,,,,Curated symptom vocabulary,,2025-01
819,Ptosis,ptosis,,,,,Curated symptom vocabulary,,2025-01
460,Pulmonary,pulmonary,,,,,Extracted from disease definitions (mentioned in 1 diseases),,2025-01
1442,"Pulseless electrical activity, not elsewhere classified","pulseless electrical activity, not elsewhere classified",,,https://id.who.int/icd/release/11/2025-01/mms/1551889515,MC81.4,ICD-11 MMS Chapter 21 API,,2025-01
1033,Purging behaviour,purging behaviour,"Behaviour aimed at the removal of ingested food from the body with the specific intention to lose weight or prevent weight gain (e.g., self-induced vomiting, laxative abuse, or the use of enemas).",,https://id.who.int/icd/release/11/2025-01/mms/1856898163,MB29.3,ICD-11 MMS Chapter 21 API,,2025-01
169,Purpura,purpura,,,,,Extracted from disease definitions (mentioned in 5 diseases),,2025-01
181,Pustules,pustules,,,,,Extracted from disease definitions (mentioned in 5 diseases),,2025-01
417,Pustules On The Limbs,pustules on the limbs,,,,,Extracted from disease definitions (mentioned in 1 diseases),,2025-01
543,Pyramidal Weakness,pyramidal weakness,,,,,Extracted from disease definitions (mentioned in 1 diseases),,2025-01
1204,Pyuria,pyuria,Pyuria is a urinary condition that is characterized by an elevated number of white blood cells in the urine. Doctors define a high number as at least 10 white blood cells per cubic millimeter (mm³) of centrifuged urine. Pyuria can cause the urine to look cloudy or as if it contains pus.,,https://id.who.int/icd/release/11/2025-01/mms/2000630356,MF97,ICD-11 MMS Chapter 21 API,,2025-01
1069,Quadrantanopia,quadrantanopia,,,https://id.who.int/icd/release/11/2025-01/mms/817108219,MC19,ICD-11 MMS Chapter 21 API,,2025-01
933,Racing thoughts,racing thoughts,Subjective perception of accelerated thought processes.,,https://id.who.int/icd/release/11/2025-01/mms/1868362076,MB21.B,ICD-11 MMS Chapter 21 API,,2025-01
681,Radiating leg pain,radiating leg pain,,,,,Curated symptom vocabulary,,2025-01
1730,Raised antibody titre,raised antibody titre,,,https://id.who.int/icd/release/11/2025-01/mms/1232862764,MA14.1C,ICD-11 MMS Chapter 21 API,,2025-01
700,Raised jugular venous pressure,raised jugular venous pressure,,,,,Curated symptom vocabulary,,2025-01
1100,Rales,rales,,,https://id.who.int/icd/release/11/2025-01/mms/1428101439,MD32,ICD-11 MMS Chapter 21 API,,2025-01
270,Rapid,rapid,,,,,Extracted from disease definitions (mentioned in 2 diseases),,2025-01
486,Rapid Weight Loss,rapid weight loss,,,,,Extracted from disease definitions (mentioned in 1 diseases),,2025-01
706,Rapid breathing,rapid breathing,,,,,Curated symptom vocabulary,,2025-01
683,Rapid heartbeat,rapid heartbeat,,,,,Curated symptom vocabulary,,2025-01
449,Rarely With Jaundice,rarely with jaundice,,,,,Extracted from disease definitions (mentioned in 1 diseases),,2025-01
84,Rash,rash,,,,,Extracted from disease definitions (mentioned in 44 diseases),,2025-01
1819,Rash generalised,rash generalised,A very non-specific term to denote a widespread acquired visible alteration of the skin from normal in situations where a more precise description or diagnosis cannot be made. If a diagnosis cannot be made then a choice from the classes Acute skin eruption of uncertain or unspecified nature and Chronic skin disorder of uncertain or unspecified nature is preferred.,,https://id.who.int/icd/release/11/2025-01/mms/1256786790,ME66.61,ICD-11 MMS Chapter 21 API,,2025-01
1818,Rash localised,rash localised,A very non-specific term to denote a localised acquired visible alteration of the skin from normal in situations where a more precise description or diagnosis cannot be made. If a diagnosis cannot be made then a choice from the classes Acute skin eruption of uncertain or unspecified nature and Chronic skin disorder of uncertain or unspecified nature is preferred.,,https://id.who.int/icd/release/11/2025-01/mms/1667183601,ME66.60,ICD-11 MMS Chapter 21 API,,2025-01
1821,"Rash, unspecified","rash, unspecified",,,https://id.who.int/icd/release/11/2025-01/mms/1672472938/unspecified,ME66.6Z,ICD-11 MMS Chapter 21 API,,2025-01
741,Rebound tenderness,rebound tenderness,,,,,Curated symptom vocabulary,,2025-01
9,Recessive hereditary methaemoglobinaemia type 2,,"Hemoglobin C disease is characterised by the synthesis of an abnormal haemoglobin called haemoglobin C (HbC), instead of the normal haemoglobin A (HbA). Subjects heterozygous for HbC (AC) are asymptomatic and may present with a mild microcytosis with an increased red blood cell resistance to haemolysis. Subjects homozygous for HbC (CC) have usually compensated haemolysis with splenomegaly. There is an increased risk of hypersplenism, biliary lithiasis, folate deficiency and worsening of anaemia following Parvovirus B19 infection.",,https://id.who.int/icd/entity/1774491112,,WHO ICD-11 API,,2025-01
1024,Recklessness,recklessness,"A tendency to engage in behaviour that potentially endangers a person's physical health, safety, or life.",,https://id.who.int/icd/release/11/2025-01/mms/1046214069,MB28.E,ICD-11 MMS Chapter 21 API,,2025-01
726,Rectal bleeding,rectal bleeding,,,,,Curated symptom vocabulary,,2025-01
733,Rectal pain,rectal pain,,,,,Curated symptom vocabulary,,2025-01
1497,Rectal tenesmus,rectal tenesmus,"A symptom, where there is a feeling of constantly needing to pass stools, despite an empty colon.",,https://id.who.int/icd/release/11/2025-01/mms/1328152138,ME09,ICD-11 MMS Chapter 21 API,,2025-01
231,Recurrent,recurrent,,,,,Extracted from disease definitions (mentioned in 3 diseases),,2025-01
568,Recurrent Spells Of Vertigo,recurrent spells of vertigo,,,,,Extracted from disease definitions (mentioned in 1 diseases),,2025-01
636,Recurrent infections,recurrent infections,,,,,Extracted from disease definitions (mentioned in 1 diseases),,2025-01
1065,Red eye,red eye,,,https://id.who.int/icd/release/11/2025-01/mms/1187945554,MC15,ICD-11 MMS Chapter 21 API,,2025-01
267,Redness,redness,,,,,Extracted from disease definitions (mentioned in 2 diseases),,2025-01
885,Reduced libido,reduced libido,,,,,Curated symptom vocabulary,,2025-01
777,Reduced range of motion,reduced range of motion,,,,,Curated symptom vocabulary,,2025-01
852,Reduced urination,reduced urination,,,,,Curated symptom vocabulary,,2025-01
999,Referential thinking,referential thinking,"Ideation, not held with delusional intensity, that random or coincidental events are of particular and unusual significance to the person.",,https://id.who.int/icd/release/11/2025-01/mms/781153315,MB26.8,ICD-11 MMS Chapter 21 API,,2025-01
1849,Reflex incontinence,reflex incontinence,Urinary incontinence that accompanies detrusor hyperreflexia,,https://id.who.int/icd/release/11/2025-01/mms/138852207,MF50.24,ICD-11 MMS Chapter 21 API,,2025-01
1893,"Refusal of fluid, not elsewhere classified","refusal of fluid, not elsewhere classified",,,https://id.who.int/icd/release/11/2025-01/mms/913042329,MG43.41,ICD-11 MMS Chapter 21 API,,2025-01
1892,"Refusal of food, not elsewhere classified","refusal of food, not elsewhere classified",,,https://id.who.int/icd/release/11/2025-01/mms/1673651528,MG43.40,ICD-11 MMS Chapter 21 API,,2025-01
592,Regional Lymphadenopathy,regional lymphadenopathy,,,,,Extracted from disease definitions (mentioned in 1 diseases),,2025-01
150,Regurgitation,regurgitation,,,,,Extracted from disease definitions (mentioned in 7 diseases),,2025-01
611,Relative Bradycardia,relative bradycardia,,,,,Extracted from disease definitions (mentioned in 1 diseases),,2025-01
1330,Religious delusion,religious delusion,A delusion involving religious or spiritual themes or subject matter that other members of the person's religious group do not accept as possible.,,https://id.who.int/icd/release/11/2025-01/mms/1284844079,MB26.08,ICD-11 MMS Chapter 21 API,,2025-01
866,Renal colic,renal colic,,,,,Curated symptom vocabulary,,2025-01
431,Repeated Episodes Of Fever,repeated episodes of fever,,,,,Extracted from disease definitions (mentioned in 1 diseases),,2025-01
535,Repeated Seizures With Axial,repeated seizures with axial,,,,,Extracted from disease definitions (mentioned in 1 diseases),,2025-01
338,Repetitive Episodes Of Apnoea,repetitive episodes of apnoea,,,,,Extracted from disease definitions (mentioned in 1 diseases),,2025-01
1101,Respiratory arrest,respiratory arrest,Arrest of spontaneous breathing.,,https://id.who.int/icd/release/11/2025-01/mms/1717524844,MD33,ICD-11 MMS Chapter 21 API,,2025-01
532,Resting tremor,resting tremor,,,,,Extracted from disease definitions (mentioned in 1 diseases),,2025-01
341,Restless Legs Syndrome Are Worse At Rest,restless legs syndrome are worse at rest,,,,,Extracted from disease definitions (mentioned in 1 diseases),,2025-01
232,Restless legs,restless legs,,,,,Extracted from disease definitions (mentioned in 3 diseases),,2025-01
227,Restlessness,restlessness,,,,,Extracted from disease definitions (mentioned in 3 diseases),,2025-01
374,Resulting In Blisters,resulting in blisters,,,,,Extracted from disease definitions (mentioned in 1 diseases),,2025-01
1120,Results of function studies of the digestive system,results of function studies of the digestive system,,,https://id.who.int/icd/release/11/2025-01/mms/1908781638,ME23,ICD-11 MMS Chapter 21 API,,2025-01
1059,Results of function studies of the nervous system,results of function studies of the nervous system,,,https://id.who.int/icd/release/11/2025-01/mms/449566259,MB72,ICD-11 MMS Chapter 21 API,,2025-01
1108,Results of function studies of the respiratory system,results of function studies of the respiratory system,,,https://id.who.int/icd/release/11/2025-01/mms/1095887296,MD42,ICD-11 MMS Chapter 21 API,,2025-01
251,Retardation,retardation,,,,,Extracted from disease definitions (mentioned in 3 diseases),,2025-01
714,Retching,retching,,,,,Curated symptom vocabulary,,2025-01
522,Retention,retention,,,,,Extracted from disease definitions (mentioned in 1 diseases),,2025-01
1609,Retention of urine,retention of urine,Incomplete emptying of the bladder,,https://id.who.int/icd/release/11/2025-01/mms/1775034842,MF50.3,ICD-11 MMS Chapter 21 API,,2025-01
1158,Retractile testis migrans,retractile testis migrans,"A retractile testicle is one that may move back and forth between the scrotum and the groin. For most boys, the problem resolves sometime before or during puberty.",,https://id.who.int/icd/release/11/2025-01/mms/322471536,MF42,ICD-11 MMS Chapter 21 API,,2025-01
1306,Retrograde amnesia,retrograde amnesia,"An inability to recall past experiences, especially where recall is to be expected, preceding an event (psychological or physical) presumed to be responsible for the amnesia.",,https://id.who.int/icd/release/11/2025-01/mms/1405777748,MB21.11,ICD-11 MMS Chapter 21 API,,2025-01
1604,Retrograde ejaculation,retrograde ejaculation,"Retrograde Ejaculation is a condition in which semen that is normally ejaculated via the urethra is redirected to the urinary bladder. Retrograde Ejaculation is typically accompanied by subjective orgasm, though the man may notice that release of semen is limited or absent. Retrograde Ejaculation most commonly occurs as a complication of transurethral prostatic resection, but may also be caused by other surgery of the pelvic area, nervous system dysfunction, or use of pharmacological agents. Confirmation is by identification of spermatozoa in a urine sample.",,https://id.who.int/icd/release/11/2025-01/mms/988651013,MF40.3,ICD-11 MMS Chapter 21 API,,2025-01
1135,"Rheumatism, unspecified","rheumatism, unspecified",This is a group of disorders marked by inflammation or pain in the connective tissue structures of the body and is considered unspecified.,,https://id.who.int/icd/release/11/2025-01/mms/2113186970,ME83,ICD-11 MMS Chapter 21 API,,2025-01
1731,Rheumatoid factor negative,rheumatoid factor negative,,,https://id.who.int/icd/release/11/2025-01/mms/1486310517,MA14.1D,ICD-11 MMS Chapter 21 API,,2025-01
1732,Rheumatoid factor positive,rheumatoid factor positive,,,https://id.who.int/icd/release/11/2025-01/mms/307123086,MA14.1E,ICD-11 MMS Chapter 21 API,,2025-01
710,Rhinorrhoea,rhinorrhoea,,,,,Curated symptom vocabulary,,2025-01
501,Riboflavin Deficiency Are Sore Throat,riboflavin deficiency are sore throat,,,,,Extracted from disease definitions (mentioned in 1 diseases),,2025-01
468,Rigid,rigid,,,,,Extracted from disease definitions (mentioned in 1 diseases),,2025-01
193,Rigidity,rigidity,,,,,Extracted from disease definitions (mentioned in 4 diseases),,2025-01
416,Rigors,rigors,,,,,Extracted from disease definitions (mentioned in 1 diseases),,2025-01
758,Ringing in ears,ringing in ears,,,,,Curated symptom vocabulary,,2025-01
1034,Rumination-regurgitation,rumination-regurgitation,"Rechewing of previously swallowed food that has been brought back to the mouth through regurgitation, which may then be reswallowed or spat out.",,https://id.who.int/icd/release/11/2025-01/mms/292610046,MB29.4,ICD-11 MMS Chapter 21 API,,2025-01
360,Runny nose,runny nose,,,,,Extracted from disease definitions (mentioned in 1 diseases),,2025-01
327,Sadness,sadness,,,,,Extracted from disease definitions (mentioned in 1 diseases),,2025-01
357,Sciatica,sciatica,,,,,Extracted from disease definitions (mentioned in 1 diseases),,2025-01
61,Sebastian syndrome,,"Sebastian syndrome is one of the MYH9 syndromes (a group that includes four clinical forms with similar manifestations resulting from mutations in the MYH9 gene: May-Hegglin anomaly and Fechtner and Epstein syndromes), which are characterised by a macrothrombocytopenia that is usually severe but paradoxically results in few if any symptoms.",,https://id.who.int/icd/entity/1578628103,,WHO ICD-11 API,,2025-01
1592,Segmental and somatic dysfunction,segmental and somatic dysfunction,,,https://id.who.int/icd/release/11/2025-01/mms/1652981832,ME93.0,ICD-11 MMS Chapter 21 API,,2025-01
113,Seizure,seizure,,,,,Extracted from disease definitions (mentioned in 16 diseases),,2025-01
135,Seizures,seizures,,,,,Extracted from disease definitions (mentioned in 10 diseases),,2025-01
524,Seizures At Later Stages,seizures at later stages,,,,,Extracted from disease definitions (mentioned in 1 diseases),,2025-01
171,Self-harm,self-harm,,,,,Extracted from disease definitions (mentioned in 5 diseases),,2025-01
1041,Sensation disturbance,sensation disturbance,,,https://id.who.int/icd/release/11/2025-01/mms/494503817,MB40,ICD-11 MMS Chapter 21 API,,2025-01
1360,"Sensation disturbance, unspecified","sensation disturbance, unspecified",,,https://id.who.int/icd/release/11/2025-01/mms/494503817/unspecified,MB40.Z,ICD-11 MMS Chapter 21 API,,2025-01
1025,Sensation seeking,sensation seeking,"An inclination to search for experiences and feelings that are varied, novel, complex, and intense.",,https://id.who.int/icd/release/11/2025-01/mms/1057897271,MB28.F,ICD-11 MMS Chapter 21 API,,2025-01
321,Set Of Related Delusions,set of related delusions,,,,,Extracted from disease definitions (mentioned in 1 diseases),,2025-01
621,Severe Acute Respiratory Illness With Fever,severe acute respiratory illness with fever,,,,,Extracted from disease definitions (mentioned in 1 diseases),,2025-01
257,Severe Anaemia,severe anaemia,,,,,Extracted from disease definitions (mentioned in 2 diseases),,2025-01
234,Severe Headache,severe headache,,,,,Extracted from disease definitions (mentioned in 3 diseases),,2025-01
541,Severe Headaches,severe headaches,,,,,Extracted from disease definitions (mentioned in 1 diseases),,2025-01
555,Severe Insomnia,severe insomnia,,,,,Extracted from disease definitions (mentioned in 1 diseases),,2025-01
388,Sexual Pain Disorder,sexual pain disorder,,,,,Extracted from disease definitions (mentioned in 1 diseases),,2025-01
389,Sexual Pain Disorder In The Sexual Partner,sexual pain disorder in the sexual partner,,,,,Extracted from disease definitions (mentioned in 1 diseases),,2025-01
400,Shaking,shaking,,,,,Extracted from disease definitions (mentioned in 1 diseases),,2025-01
658,Sharp pain,sharp pain,,,,,Curated symptom vocabulary,,2025-01
109,Shock,shock,,,,,Extracted from disease definitions (mentioned in 17 diseases),,2025-01
1667,"Shock, unspecified","shock, unspecified",,,https://id.who.int/icd/release/11/2025-01/mms/1164022950/unspecified,MG40.Z,ICD-11 MMS Chapter 21 API,,2025-01
569,Short Attacks Of Tinnitus,short attacks of tinnitus,,,,,Extracted from disease definitions (mentioned in 1 diseases),,2025-01
529,Short stature,short stature,,,,,Extracted from disease definitions (mentioned in 1 diseases),,2025-01
1898,Short stature of child,short stature of child,Short stature is when a child is significantly shorter than children of the same age and gender,,https://id.who.int/icd/release/11/2025-01/mms/428234313,MG44.12,ICD-11 MMS Chapter 21 API,,2025-01
476,Shortness Of Breath Fatigue,shortness of breath fatigue,,,,,Extracted from disease definitions (mentioned in 1 diseases),,2025-01
102,Shortness of breath,shortness of breath,,,,,Extracted from disease definitions (mentioned in 20 diseases),,2025-01
666,Shoulder pain,shoulder pain,,,,,Curated symptom vocabulary,,2025-01
1830,Shoulder syndrome,shoulder syndrome,"A shoulder syndrome is defined by shoulder pain with one or more of the following problems: limitations of movement, local tenderness, crepitus or periarticular calcification in imaging.",,https://id.who.int/icd/release/11/2025-01/mms/1763637838,ME86.D0,ICD-11 MMS Chapter 21 API,,2025-01
1382,Shuddering,shuddering,,,https://id.who.int/icd/release/11/2025-01/mms/863964208,MB46.5,ICD-11 MMS Chapter 21 API,,2025-01
344,Shuffling gait,shuffling gait,,,,,Extracted from disease definitions (mentioned in 1 diseases),,2025-01
23,Sickle cell Hb-C disease with crisis,,"A disease caused by the inheritance of a HbS mutation from one parent and a HbC mutation from the other parent. This disease is characterised by abnormal rigid sickle-shaped red blood cells and crisis, with symptoms depending on the site of involvement. This disease may present with fatigue, shortness of breath, dizziness, headaches, pallor of skin or mucous membranes, and jaundice. This disease is confirmed by identification of HbS and HbC mutation by genetic testing.",,https://id.who.int/icd/entity/43465573,,WHO ICD-11 API,,2025-01
39,Sickle cell Hb-C disease with crisis with fever,,"A disease caused by the inheritance of a HbS mutation from one parent and a HbC mutation from the other parent. This disease is characterised by abnormal rigid sickle-shaped red blood cells and crisis, and fever. This disease may present with fatigue, fever, shortness of breath, dizziness, headaches, pallor of skin or mucous membranes, and jaundice. This disease is confirmed by identification of HbS and HbC mutation by genetic testing.",,https://id.who.int/icd/entity/1199136402,,WHO ICD-11 API,,2025-01
17,Sickle cell disease with crisis with fever,,"A disease caused by a HbS mutation in the haemoglobin gene. This disease is characterised by abnormal rigid sickle-shaped red blood cells and crisis, and fever. This disease may present with fatigue, fever, shortness of breath, dizziness, headaches, pallor of skin or mucous membranes, and jaundice. This disease is confirmed by identification of HbS mutation by genetic testing.",,https://id.who.int/icd/entity/1279199454,,WHO ICD-11 API,,2025-01
40,Sickle cell thalassaemia with crisis with fever,,"A disease caused by genetically inherited sickle cell (HbS) mutation from one parent and a thalassemia mutation from the other parent. This disease is characterised by abnormal rigid sickle-shaped red blood cells and abnormal production of the beta chain in a haemoglobin molecule, crisis and, fever. This disease may present with pallor, jaundice, fever, iron overload, fatigue, or shortness of breath. Confirmation is by identification of mutations through genetic testing.",,https://id.who.int/icd/entity/1367362159,,WHO ICD-11 API,,2025-01
41,Sickle-cell thalassaemia with vaso-occlusive pain,,,,https://id.who.int/icd/entity/1233116564,,WHO ICD-11 API,,2025-01
324,Significance Of Panic Attacks,significance of panic attacks,,,,,Extracted from disease definitions (mentioned in 1 diseases),,2025-01
624,Sinus Tachycardia,sinus tachycardia,,,,,Extracted from disease definitions (mentioned in 1 diseases),,2025-01
564,Skeletal Myopathy,skeletal myopathy,,,,,Extracted from disease definitions (mentioned in 1 diseases),,2025-01
222,Skin,skin,,,,,Extracted from disease definitions (mentioned in 3 diseases),,2025-01
791,Skin blistering,skin blistering,,,,,Curated symptom vocabulary,,2025-01
1130,Skin disorder of uncertain or unspecified nature,skin disorder of uncertain or unspecified nature,A category to enable the presence of a skin disorder to be recorded without making assumptions as to the precise nature of the disorder in question.,,https://id.who.int/icd/release/11/2025-01/mms/2044170142,ME67,ICD-11 MMS Chapter 21 API,,2025-01
1525,Skin lesion of uncertain nature,skin lesion of uncertain nature,This denotes the presence of a skin lesion but uncertainty as to its nature. No inference as to whether the lesion might be of serious significance (e.g. suspected skin cancer) is made.,,https://id.who.int/icd/release/11/2025-01/mms/2072089922,ME60.0,ICD-11 MMS Chapter 21 API,,2025-01
1123,Skin lesion of uncertain or unspecified nature,skin lesion of uncertain or unspecified nature,To be used where there is either significant uncertainty or alternatively no information as to the nature of a circumscribed skin lesion. This is of particular importance with regard to whether or not the lesion may be malignant.,,https://id.who.int/icd/release/11/2025-01/mms/402520533,ME60,ICD-11 MMS Chapter 21 API,,2025-01
1529,Skin lesion of unspecified nature,skin lesion of unspecified nature,,,https://id.who.int/icd/release/11/2025-01/mms/402520533/unspecified,ME60.Z,ICD-11 MMS Chapter 21 API,,2025-01
803,Skin nodule,skin nodule,,,,,Curated symptom vocabulary,,2025-01
792,Skin peeling,skin peeling,,,,,Curated symptom vocabulary,,2025-01
147,Skin rash,skin rash,,,,,Extracted from disease definitions (mentioned in 8 diseases),,2025-01
790,Skin redness,skin redness,,,,,Curated symptom vocabulary,,2025-01
794,Skin thickening,skin thickening,,,,,Curated symptom vocabulary,,2025-01
798,Skin ulcer,skin ulcer,,,,,Curated symptom vocabulary,,2025-01
160,Sleep,sleep,,,,,Extracted from disease definitions (mentioned in 6 diseases),,2025-01
124,Sleep apnoea,sleep apnoea,,,,,Extracted from disease definitions (mentioned in 14 diseases),,2025-01
226,Sleep disturbance,sleep disturbance,,,,,Extracted from disease definitions (mentioned in 3 diseases),,2025-01
1218,"Sleep disturbance, not elsewhere classified","sleep disturbance, not elsewhere classified",,,https://id.who.int/icd/release/11/2025-01/mms/1207299072,MG41,ICD-11 MMS Chapter 21 API,,2025-01
1457,Sleep related Cheyne-Stokes respiration,sleep related cheyne-stokes respiration,"Periodic breathing, a variant of Cheyne-Stokes respiration, is characterised by regular, recurrent cycles of changing tidal volumes in which the lowest tidal volume is less than half the maximal tidal volume in that cycle. It is the most frequent abnormal respiratory pattern directly related to stroke rather than underlying systemic disease, occurring in approximately 25 percent of patients. Periodic breathing may be more common among patients with subarachnoid haemorrhage.",,https://id.who.int/icd/release/11/2025-01/mms/1301301060,MD11.4,ICD-11 MMS Chapter 21 API,,2025-01
337,Sleepiness,sleepiness,,,,,Extracted from disease definitions (mentioned in 1 diseases),,2025-01
1055,Sleeptalking,sleeptalking,,,https://id.who.int/icd/release/11/2025-01/mms/1552856729,MB60,ICD-11 MMS Chapter 21 API,,2025-01
538,Slow,slow,,,,,Extracted from disease definitions (mentioned in 1 diseases),,2025-01
707,Slow breathing,slow breathing,,,,,Curated symptom vocabulary,,2025-01
684,Slow heartbeat,slow heartbeat,,,,,Curated symptom vocabulary,,2025-01
547,Slowly Progressive Lower Extremity Spasticity,slowly progressive lower extremity spasticity,,,,,Extracted from disease definitions (mentioned in 1 diseases),,2025-01
753,Slurred speech,slurred speech,,,,,Curated symptom vocabulary,,2025-01
1076,Small drusen of the macula,small drusen of the macula,,,https://id.who.int/icd/release/11/2025-01/mms/928230143,MC20.1,ICD-11 MMS Chapter 21 API,,2025-01
1617,Small kidney,small kidney,"A condition characterised by a kidney smaller in size and weight than the average (less than 11 centimetres long, 5-7.5 centimetres wide, 2.5 centimetres thick, and weighing less than 120 grams).",,https://id.who.int/icd/release/11/2025-01/mms/1649255214,MF54.2,ICD-11 MMS Chapter 21 API,,2025-01
1615,Smooth contracted kidney,smooth contracted kidney,"A condition of the kidney, caused by an overgrowth of abnormal fibrous tissue and ischaemic atrophy. This condition is characterised by a small, granular, and smooth kidney.",,https://id.who.int/icd/release/11/2025-01/mms/117862072,MF54.0,ICD-11 MMS Chapter 21 API,,2025-01
361,Sneezing,sneezing,,,,,Extracted from disease definitions (mentioned in 1 diseases),,2025-01
152,Snoring,snoring,,,,,Extracted from disease definitions (mentioned in 7 diseases),,2025-01
138,Social,social,,,,,Extracted from disease definitions (mentioned in 9 diseases),,2025-01
336,Social withdrawal,social withdrawal,,,,,Extracted from disease definitions (mentioned in 1 diseases),,2025-01
1037,Soiling,soiling,"The passage of faeces in clothing, bed, or other inappropriate places in an individual who has reached a developmental age where faecal continence is ordinarily expected.",,https://id.who.int/icd/release/11/2025-01/mms/2140551646,MB2A.0,ICD-11 MMS Chapter 21 API,,2025-01
1331,Somatic delusion,somatic delusion,"A delusion involving the functioning or appearance of one’s body, including of having a serious disease.",,https://id.who.int/icd/release/11/2025-01/mms/1549775769,MB26.09,ICD-11 MMS Chapter 21 API,,2025-01
1346,Somatic hallucinations,somatic hallucinations,"Hallucinations involving the perception of an unusual physical state or event within the body, such as an electrical impulse running down one's arms or an object inside one's chest.",,https://id.who.int/icd/release/11/2025-01/mms/431731224,MB27.25,ICD-11 MMS Chapter 21 API,,2025-01
428,Sometimes Chills,sometimes chills,,,,,Extracted from disease definitions (mentioned in 1 diseases),,2025-01
769,Somnolence,somnolence,,,,,Curated symptom vocabulary,,2025-01
1219,"Somnolence, not elsewhere classified","somnolence, not elsewhere classified",,,https://id.who.int/icd/release/11/2025-01/mms/1590960826,MG42,ICD-11 MMS Chapter 21 API,,2025-01
122,Sore throat,sore throat,,,,,Extracted from disease definitions (mentioned in 15 diseases),,2025-01
51,Southeast Asian ovalocytosis,,"Southeast Asian ovalocytosis is a rare hereditary red cell membrane defect characterised by the presence of oval-shaped erythrocytes and with most patients being asymptomatic or occasionally manifesting with mild symptoms such as pallor, jaundice, anaemia and gallstones.",,https://id.who.int/icd/entity/835618545,,WHO ICD-11 API,,2025-01
1754,Spastic diplegia of upper extremities,spastic diplegia of upper extremities,,,https://id.who.int/icd/release/11/2025-01/mms/1983602303,MB51.1,ICD-11 MMS Chapter 21 API,,2025-01
1758,Spastic hemiplegia,spastic hemiplegia,This is a severe or complete loss of motor function on one side of the body with involuntary contractions.,,https://id.who.int/icd/release/11/2025-01/mms/1030700023,MB53.2,ICD-11 MMS Chapter 21 API,,2025-01
1764,Spastic monoplegia of lower extremity,spastic monoplegia of lower extremity,,,https://id.who.int/icd/release/11/2025-01/mms/1572730333,MB55.1,ICD-11 MMS Chapter 21 API,,2025-01
1761,Spastic monoplegia of upper extremity,spastic monoplegia of upper extremity,,,https://id.who.int/icd/release/11/2025-01/mms/1914238947,MB54.1,ICD-11 MMS Chapter 21 API,,2025-01
1751,Spastic tetraplegia,spastic tetraplegia,This is a severe or complete loss of motor function in all four limbs with involuntary contractions.,,https://id.who.int/icd/release/11/2025-01/mms/1591776568,MB50.1,ICD-11 MMS Chapter 21 API,,2025-01
173,Spasticity,spasticity,,,,,Extracted from disease definitions (mentioned in 5 diseases),,2025-01
531,Speech,speech,,,,,Extracted from disease definitions (mentioned in 1 diseases),,2025-01
752,Speech difficulty,speech difficulty,,,,,Curated symptom vocabulary,,2025-01
919,Speech dysfluency,speech dysfluency,"Speech dysfluency is characterised by the frequent or pervasive disruption of the rhythmic flow of speech that arises subsequent to the developmental period (i.e., adult onset) and is outside the limits of normal variation and results in reduced intelligibility and significantly affects communication. It can involve repetitions of sounds, syllables or words, prolongations, word breaks, blockage of production, excessive use of interjections, and rapid short bursts of speech.",,https://id.who.int/icd/release/11/2025-01/mms/1809393168,MA81,ICD-11 MMS Chapter 21 API,,2025-01
918,Speech or language disturbances,speech or language disturbances,"Speech or language disturbances, not classified elsewhere include dysphasia and aphasia, dysarthria and anarthria, and other speech or language disturbances.",,https://id.who.int/icd/release/11/2025-01/mms/312794303,MA80,ICD-11 MMS Chapter 21 API,,2025-01
1299,"Speech or language disturbances, unspecified","speech or language disturbances, unspecified",,,https://id.who.int/icd/release/11/2025-01/mms/312794303/unspecified,MA80.Z,ICD-11 MMS Chapter 21 API,,2025-01
802,Spider angioma,spider angioma,,,,,Curated symptom vocabulary,,2025-01
1136,Spinal pain,spinal pain,"This is a condition characterised by pain felt in the back that usually originates from the muscles, nerves, bones, joints or other structures in the spine.",,https://id.who.int/icd/release/11/2025-01/mms/2051065876,ME84,ICD-11 MMS Chapter 21 API,,2025-01
1568,"Spinal pain, unspecified","spinal pain, unspecified",,,https://id.who.int/icd/release/11/2025-01/mms/2051065876/unspecified,ME84.Z,ICD-11 MMS Chapter 21 API,,2025-01
757,Spinning sensation,spinning sensation,,,,,Curated symptom vocabulary,,2025-01
148,Splenomegaly,splenomegaly,,,,,Extracted from disease definitions (mentioned in 7 diseases),,2025-01
1804,"Splenomegaly, not elsewhere classified","splenomegaly, not elsewhere classified","This refers to swelling of the spleen beyond its normal size, not elsewhere described.",,https://id.who.int/icd/release/11/2025-01/mms/1282210072,ME10.01,ICD-11 MMS Chapter 21 API,,2025-01
1857,Splitting of urinary stream,splitting of urinary stream,A condition where the urine stream splits into two or more different directions,,https://id.who.int/icd/release/11/2025-01/mms/735659214,MF50.62,ICD-11 MMS Chapter 21 API,,2025-01
474,Spontaneous Bleeding,spontaneous bleeding,,,,,Extracted from disease definitions (mentioned in 1 diseases),,2025-01
655,Stabbing pain,stabbing pain,,,,,Curated symptom vocabulary,,2025-01
1075,Staphyloma,staphyloma,"This is an abnormal protrusion of the uveal tissue through a weak point in the eyeball. The protrusion is generally black in colour, due to the inner layers of the eye. It occurs due to weakening of outer layer of eye (cornea or sclera) by an inflammatory or degenerative condition. It may be of 5 types, depending on the location on the eye ball (bulbus oculi).",,https://id.who.int/icd/release/11/2025-01/mms/530476225,MC20.0,ICD-11 MMS Chapter 21 API,,2025-01
371,Steatorrhoea,steatorrhoea,,,,,Extracted from disease definitions (mentioned in 1 diseases),,2025-01
1778,Stertor,stertor,"Stertor is a heavy snoring or gasping sound on inspiration occurring in coma or deep sleep that may be caused by partial obstruction of airway, choanal stenosis, enlarged tonsils and/or adenoids, and redundant upper airway tissues.",,https://id.who.int/icd/release/11/2025-01/mms/1448630017,MD11.80,ICD-11 MMS Chapter 21 API,,2025-01
1137,Stiffness of joint,stiffness of joint,"Lack of range of motion of a joint secondary to pain, disease process or congenital malformation not detailed in or used in conjunction with other codes.",,https://id.who.int/icd/release/11/2025-01/mms/1948266223,ME85,ICD-11 MMS Chapter 21 API,,2025-01
1552,Stinging of skin,stinging of skin,An unpleasant sensation such as may be provoked by stinging nettles but which can be set off in some individuals by a wide variety of topical preparations or stimuli which are otherwise well tolerated by most people.,,https://id.who.int/icd/release/11/2025-01/mms/1477238965,ME65.3,ICD-11 MMS Chapter 21 API,,2025-01
411,Stomach Pains,stomach pains,,,,,Extracted from disease definitions (mentioned in 1 diseases),,2025-01
664,Stomach pain,stomach pain,,,,,Curated symptom vocabulary,,2025-01
285,Stomatitis,stomatitis,,,,,Extracted from disease definitions (mentioned in 2 diseases),,2025-01
184,Strabismus,strabismus,,,,,Extracted from disease definitions (mentioned in 4 diseases),,2025-01
1860,Straining to void,straining to void,The need to strain or push in order to empty the bladder,,https://id.who.int/icd/release/11/2025-01/mms/1042185558,MF50.65,ICD-11 MMS Chapter 21 API,,2025-01
384,Stress Incontinence,stress incontinence,,,,,Extracted from disease definitions (mentioned in 1 diseases),,2025-01
893,Stretch marks,stretch marks,,,,,Curated symptom vocabulary,,2025-01
894,Striae,striae,,,,,Curated symptom vocabulary,,2025-01
401,Stridor,stridor,,,,,Extracted from disease definitions (mentioned in 1 diseases),,2025-01
1026,Stubbornness,stubbornness,"A steadfast adherence to an opinion, purpose, or course of action in spite of reason, arguments, or persuasion.",,https://id.who.int/icd/release/11/2025-01/mms/995513753,MB28.G,ICD-11 MMS Chapter 21 API,,2025-01
922,Stupor,stupor,Total or nearly total lack of spontaneous movement and marked decrease in reactivity to environment.,,https://id.who.int/icd/release/11/2025-01/mms/1000337196,MB20.0,ICD-11 MMS Chapter 21 API,,2025-01
447,Subconjunctival Haemorrhage,subconjunctival haemorrhage,,,,,Extracted from disease definitions (mentioned in 1 diseases),,2025-01
1124,"Subcutaneous swelling, mass or lump of uncertain or unspecified nature","subcutaneous swelling, mass or lump of uncertain or unspecified nature",One or more localised subcutaneous soft tissue masses of undetermined or unspecified nature,,https://id.who.int/icd/release/11/2025-01/mms/1531077719,ME61,ICD-11 MMS Chapter 21 API,,2025-01
1593,Subluxation stenosis of neural canal,subluxation stenosis of neural canal,,,https://id.who.int/icd/release/11/2025-01/mms/1935678755,ME93.1,ICD-11 MMS Chapter 21 API,,2025-01
1027,Submissiveness,submissiveness,"A tendency to adapt one’s behaviour to the actual or perceived interests and desires of others even when doing so is antithetical to one’s own interests, needs, or desires.",,https://id.who.int/icd/release/11/2025-01/mms/444673557,MB28.H,ICD-11 MMS Chapter 21 API,,2025-01
373,Submucosal Oedema,submucosal oedema,,,,,Extracted from disease definitions (mentioned in 1 diseases),,2025-01
478,Such As Fever,such as fever,,,,,Extracted from disease definitions (mentioned in 1 diseases),,2025-01
1253,Sudden infant death syndrome without autopsy,sudden infant death syndrome without autopsy,,,https://id.who.int/icd/release/11/2025-01/mms/1729798490,MH11.1,ICD-11 MMS Chapter 21 API,,2025-01
1254,"Sudden infant death syndrome, unspecified","sudden infant death syndrome, unspecified",,,https://id.who.int/icd/release/11/2025-01/mms/56255971/unspecified,MH11.Z,ICD-11 MMS Chapter 21 API,,2025-01
966,Suicidal behaviour,suicidal behaviour,"Concrete actions, such as buying a gun or stockpiling medication, that are taken in preparation for fulfilling a wish to end one's life but that do not constitute an actual suicide attempt.",,https://id.who.int/icd/release/11/2025-01/mms/322139749,MB23.S,ICD-11 MMS Chapter 21 API,,2025-01
1001,Suicidal ideation,suicidal ideation,"Thoughts, ideas, or ruminations about the possibility of ending one's life, ranging from thinking that one would be better off dead to formulation of elaborate plans.",,https://id.who.int/icd/release/11/2025-01/mms/778734771,MB26.A,ICD-11 MMS Chapter 21 API,,2025-01
765,Suicidal thoughts,suicidal thoughts,,,,,Curated symptom vocabulary,,2025-01
965,Suicide attempt,suicide attempt,A specific episode of self-harming behaviour undertaken with the conscious intention of ending one's life.,,https://id.who.int/icd/release/11/2025-01/mms/179322472,MB23.R,ICD-11 MMS Chapter 21 API,,2025-01
589,Surrounding Erythema,surrounding erythema,,,,,Extracted from disease definitions (mentioned in 1 diseases),,2025-01
1000,Suspiciousness,suspiciousness,"The behaviour of others is viewed with anxiety, mistrust, or hostility and perceived as potentially threatening.",,https://id.who.int/icd/release/11/2025-01/mms/459117958,MB26.9,ICD-11 MMS Chapter 21 API,,2025-01
187,Sweating,sweating,,,,,Extracted from disease definitions (mentioned in 4 diseases),,2025-01
99,Swelling,swelling,,,,,Extracted from disease definitions (mentioned in 22 diseases),,2025-01
419,Swelling Around One,swelling around one,,,,,Extracted from disease definitions (mentioned in 1 diseases),,2025-01
582,Swollen,swollen,,,,,Extracted from disease definitions (mentioned in 1 diseases),,2025-01
835,Swollen lymph nodes,swollen lymph nodes,,,,,Curated symptom vocabulary,,2025-01
1051,Symbolic dysfunctions,symbolic dysfunctions,,,https://id.who.int/icd/release/11/2025-01/mms/1875757565,MB4B,ICD-11 MMS Chapter 21 API,,2025-01
1412,"Symbolic dysfunctions, unspecified","symbolic dysfunctions, unspecified",,,https://id.who.int/icd/release/11/2025-01/mms/1875757565/unspecified,MB4B.Z,ICD-11 MMS Chapter 21 API,,2025-01
483,Symmetrical Swelling Of The Lachrymal,symmetrical swelling of the lachrymal,,,,,Extracted from disease definitions (mentioned in 1 diseases),,2025-01
1138,Symptom or complaint of a body part,symptom or complaint of a body part,,,https://id.who.int/icd/release/11/2025-01/mms/1478037730,ME86,ICD-11 MMS Chapter 21 API,,2025-01
1165,Symptom or complaint of bladder,symptom or complaint of bladder,,,https://id.who.int/icd/release/11/2025-01/mms/983950059,MF57,ICD-11 MMS Chapter 21 API,,2025-01
1073,Symptom or complaint of contact lens,symptom or complaint of contact lens,,,https://id.who.int/icd/release/11/2025-01/mms/1522600432,MC1D,ICD-11 MMS Chapter 21 API,,2025-01
1152,Symptom or complaint of female nipple,symptom or complaint of female nipple,,,https://id.who.int/icd/release/11/2025-01/mms/284890466,MF37,ICD-11 MMS Chapter 21 API,,2025-01
1153,Symptom or complaint of female pelvis,symptom or complaint of female pelvis,,,https://id.who.int/icd/release/11/2025-01/mms/249433227,MF38,ICD-11 MMS Chapter 21 API,,2025-01
1072,Symptom or complaint of glasses,symptom or complaint of glasses,,,https://id.who.int/icd/release/11/2025-01/mms/1834100878,MC1C,ICD-11 MMS Chapter 21 API,,2025-01
1584,"Symptom or complaint of joint, not otherwise specified","symptom or complaint of joint, not otherwise specified",,,https://id.who.int/icd/release/11/2025-01/mms/303384120,ME86.F,ICD-11 MMS Chapter 21 API,,2025-01
1157,Symptom or complaint of male sexual function,symptom or complaint of male sexual function,,,https://id.who.int/icd/release/11/2025-01/mms/1458214967,MF41,ICD-11 MMS Chapter 21 API,,2025-01
1585,"Symptom or complaint of muscle, not otherwise specified","symptom or complaint of muscle, not otherwise specified",,,https://id.who.int/icd/release/11/2025-01/mms/629565258,ME86.G,ICD-11 MMS Chapter 21 API,,2025-01
1569,Symptom or complaint of the ankle,symptom or complaint of the ankle,,,https://id.who.int/icd/release/11/2025-01/mms/31745707,ME86.0,ICD-11 MMS Chapter 21 API,,2025-01
1570,Symptom or complaint of the arm,symptom or complaint of the arm,,,https://id.who.int/icd/release/11/2025-01/mms/1069030395,ME86.1,ICD-11 MMS Chapter 21 API,,2025-01
1571,Symptom or complaint of the back,symptom or complaint of the back,,,https://id.who.int/icd/release/11/2025-01/mms/940073673,ME86.2,ICD-11 MMS Chapter 21 API,,2025-01
1829,"Symptom or complaint of the back, unspecified","symptom or complaint of the back, unspecified",,,https://id.who.int/icd/release/11/2025-01/mms/940073673/unspecified,ME86.2Z,ICD-11 MMS Chapter 21 API,,2025-01
902,Symptom or complaint of the blood,symptom or complaint of the blood,,,https://id.who.int/icd/release/11/2025-01/mms/424309212,MA00,ICD-11 MMS Chapter 21 API,,2025-01
1572,Symptom or complaint of the chest,symptom or complaint of the chest,,,https://id.who.int/icd/release/11/2025-01/mms/756584914,ME86.3,ICD-11 MMS Chapter 21 API,,2025-01
1573,Symptom or complaint of the elbow,symptom or complaint of the elbow,,,https://id.who.int/icd/release/11/2025-01/mms/109323534,ME86.4,ICD-11 MMS Chapter 21 API,,2025-01
1071,Symptom or complaint of the eyelid,symptom or complaint of the eyelid,,,https://id.who.int/icd/release/11/2025-01/mms/1339161323,MC1B,ICD-11 MMS Chapter 21 API,,2025-01
1574,Symptom or complaint of the flank or axilla,symptom or complaint of the flank or axilla,,,https://id.who.int/icd/release/11/2025-01/mms/38763203,ME86.5,ICD-11 MMS Chapter 21 API,,2025-01
1575,Symptom or complaint of the foot or toe,symptom or complaint of the foot or toe,,,https://id.who.int/icd/release/11/2025-01/mms/676486716,ME86.6,ICD-11 MMS Chapter 21 API,,2025-01
1576,Symptom or complaint of the hand or finger,symptom or complaint of the hand or finger,,,https://id.who.int/icd/release/11/2025-01/mms/328521237,ME86.7,ICD-11 MMS Chapter 21 API,,2025-01
1577,Symptom or complaint of the hip,symptom or complaint of the hip,,,https://id.who.int/icd/release/11/2025-01/mms/742996838,ME86.8,ICD-11 MMS Chapter 21 API,,2025-01
1578,Symptom or complaint of the jaw,symptom or complaint of the jaw,,,https://id.who.int/icd/release/11/2025-01/mms/715712738,ME86.9,ICD-11 MMS Chapter 21 API,,2025-01
1579,Symptom or complaint of the knee,symptom or complaint of the knee,,,https://id.who.int/icd/release/11/2025-01/mms/913786837,ME86.A,ICD-11 MMS Chapter 21 API,,2025-01
1580,Symptom or complaint of the leg or thigh,symptom or complaint of the leg or thigh,,,https://id.who.int/icd/release/11/2025-01/mms/351573424,ME86.B,ICD-11 MMS Chapter 21 API,,2025-01
1827,Symptom or complaint of the low back,symptom or complaint of the low back,,,https://id.who.int/icd/release/11/2025-01/mms/261833655,ME86.22,ICD-11 MMS Chapter 21 API,,2025-01
1484,"Symptom or complaint of the mouth, tongue or lip","symptom or complaint of the mouth, tongue or lip",,,https://id.who.int/icd/release/11/2025-01/mms/430383563,MD80.1,ICD-11 MMS Chapter 21 API,,2025-01
1581,Symptom or complaint of the neck,symptom or complaint of the neck,,,https://id.who.int/icd/release/11/2025-01/mms/297687646,ME86.C,ICD-11 MMS Chapter 21 API,,2025-01
1102,Symptom or complaint of the nose,symptom or complaint of the nose,,,https://id.who.int/icd/release/11/2025-01/mms/975143938,MD34,ICD-11 MMS Chapter 21 API,,2025-01
1601,Symptom or complaint of the penis,symptom or complaint of the penis,,,https://id.who.int/icd/release/11/2025-01/mms/2059818457,MF40.0,ICD-11 MMS Chapter 21 API,,2025-01
1842,"Symptom or complaint of the penis, unspecified","symptom or complaint of the penis, unspecified",,,https://id.who.int/icd/release/11/2025-01/mms/2059818457/unspecified,MF40.0Z,ICD-11 MMS Chapter 21 API,,2025-01
1603,Symptom or complaint of the scrotum or testis,symptom or complaint of the scrotum or testis,,,https://id.who.int/icd/release/11/2025-01/mms/1297446055,MF40.2,ICD-11 MMS Chapter 21 API,,2025-01
1845,"Symptom or complaint of the scrotum or testis, unspecified","symptom or complaint of the scrotum or testis, unspecified",,,https://id.who.int/icd/release/11/2025-01/mms/1297446055/unspecified,MF40.2Z,ICD-11 MMS Chapter 21 API,,2025-01
1582,Symptom or complaint of the shoulder,symptom or complaint of the shoulder,,,https://id.who.int/icd/release/11/2025-01/mms/490457504,ME86.D,ICD-11 MMS Chapter 21 API,,2025-01
1832,"Symptom or complaint of the shoulder, unspecified","symptom or complaint of the shoulder, unspecified",,,https://id.who.int/icd/release/11/2025-01/mms/490457504/unspecified,ME86.DZ,ICD-11 MMS Chapter 21 API,,2025-01
1103,Symptom or complaint of the sinus,symptom or complaint of the sinus,,,https://id.who.int/icd/release/11/2025-01/mms/357068563,MD35,ICD-11 MMS Chapter 21 API,,2025-01
1483,Symptom or complaint of the teeth or gum,symptom or complaint of the teeth or gum,,,https://id.who.int/icd/release/11/2025-01/mms/992277424,MD80.0,ICD-11 MMS Chapter 21 API,,2025-01
1104,Symptom or complaint of the throat,symptom or complaint of the throat,,,https://id.who.int/icd/release/11/2025-01/mms/1034943794,MD36,ICD-11 MMS Chapter 21 API,,2025-01
1473,"Symptom or complaint of the throat, unspecified","symptom or complaint of the throat, unspecified",,,https://id.who.int/icd/release/11/2025-01/mms/1034943794/unspecified,MD36.Z,ICD-11 MMS Chapter 21 API,,2025-01
1154,Symptom or complaint of the vulva,symptom or complaint of the vulva,,,https://id.who.int/icd/release/11/2025-01/mms/198224539,MF39,ICD-11 MMS Chapter 21 API,,2025-01
1583,Symptom or complaint of the wrist,symptom or complaint of the wrist,,,https://id.who.int/icd/release/11/2025-01/mms/604501867,ME86.E,ICD-11 MMS Chapter 21 API,,2025-01
1558,Symptom or complaint relating to hair or scalp,symptom or complaint relating to hair or scalp,A very non-specific term to indicate an actual or perceived problem affecting the hair or the scalp which cannot be more precisely coded elsewhere.,,https://id.who.int/icd/release/11/2025-01/mms/1825782219,ME66.3,ICD-11 MMS Chapter 21 API,,2025-01
1559,Symptom or complaint relating to nails,symptom or complaint relating to nails,A very non-specific term to indicate an actual or perceived problem affecting the finger- or toenails which cannot be more precisely coded elsewhere.,,https://id.who.int/icd/release/11/2025-01/mms/2003621211,ME66.4,ICD-11 MMS Chapter 21 API,,2025-01
71,Symptomatic form of haemophilia A in female carriers,,"Symptomatic haemophilia A in female carriers is a form of haemophilia A that manifests in some women with mutations in the F8 gene (Xq28), encoding coagulation factor VIII. Symptoms include abnormal bleeding as a result of minor injuries, or following surgery or tooth extraction. Spontaneous haemorrhages may occur occasionally. Transmission is X-linked recessive.",,https://id.who.int/icd/entity/1533214918,,WHO ICD-11 API,,2025-01
72,Symptomatic form of haemophilia B in female carriers,,"Symptomatic haemophilia B in female carriers is a form of haemophilia B that manifests in some women with mutations in the F9 gene (Xq28), encoding coagulation factor IX. Symptoms include abnormal bleeding as a result of minor injuries, or following surgery or tooth extraction. Spontaneous haemorrhages may occur occasionally. Transmission is X-linked recessive.",,https://id.who.int/icd/entity/1463993018,,WHO ICD-11 API,,2025-01
159,Symptoms,symptoms,,,,,Extracted from disease definitions (mentioned in 6 diseases),,2025-01
434,Symptoms Depending On The Location Of The Abscess,symptoms depending on the location of the abscess,,,,,Extracted from disease definitions (mentioned in 1 diseases),,2025-01
515,Symptoms Of Both Anxiety,symptoms of both anxiety,,,,,Extracted from disease definitions (mentioned in 1 diseases),,2025-01
548,Symptoms Of Bulbar Weakness Such As Dysarthria,symptoms of bulbar weakness such as dysarthria,,,,,Extracted from disease definitions (mentioned in 1 diseases),,2025-01
467,Symptoms Of Dementia,symptoms of dementia,,,,,Extracted from disease definitions (mentioned in 1 diseases),,2025-01
968,"Symptoms and signs involving appearance and behaviour, unspecified","symptoms and signs involving appearance and behaviour, unspecified",,,https://id.who.int/icd/release/11/2025-01/mms/2012156203/unspecified,MB23.Z,ICD-11 MMS Chapter 21 API,,2025-01
1036,"Symptoms and signs involving eating and related behaviour, unspecified","symptoms and signs involving eating and related behaviour, unspecified",,,https://id.who.int/icd/release/11/2025-01/mms/461601738/unspecified,MB29.Z,ICD-11 MMS Chapter 21 API,,2025-01
1040,"Symptoms and signs involving elimination, unspecified","symptoms and signs involving elimination, unspecified",,,https://id.who.int/icd/release/11/2025-01/mms/18362960/unspecified,MB2A.Z,ICD-11 MMS Chapter 21 API,,2025-01
984,"Symptoms and signs involving mood or affect, unspecified","symptoms and signs involving mood or affect, unspecified",,,https://id.who.int/icd/release/11/2025-01/mms/54673878/unspecified,MB24.Z,ICD-11 MMS Chapter 21 API,,2025-01
1029,"Symptoms and signs related to personality features, unspecified","symptoms and signs related to personality features, unspecified",,,https://id.who.int/icd/release/11/2025-01/mms/715037170/unspecified,MB28.Z,ICD-11 MMS Chapter 21 API,,2025-01
1220,Symptoms or signs concerning food or fluid intake,symptoms or signs concerning food or fluid intake,"Symptoms or signs concerning food and fluid intake include anorexia, polydipsia, polyphagia, feeding difficulties or mismanagement, abnormal weight loss, abnormal weight gain, insufficient intake of food or water due to self-neglect or other symptoms or signs concerning food or fluid intake.",,https://id.who.int/icd/release/11/2025-01/mms/1167224858,MG43,ICD-11 MMS Chapter 21 API,,2025-01
1003,"Symptoms or signs involving content of thought, unspecified","symptoms or signs involving content of thought, unspecified",,,https://id.who.int/icd/release/11/2025-01/mms/1166728139/unspecified,MB26.Z,ICD-11 MMS Chapter 21 API,,2025-01
943,"Symptoms or signs involving motivation or energy, unspecified","symptoms or signs involving motivation or energy, unspecified",,,https://id.who.int/icd/release/11/2025-01/mms/1083684571/unspecified,MB22.Z,ICD-11 MMS Chapter 21 API,,2025-01
990,"Symptoms or signs of form of thought, unspecified","symptoms or signs of form of thought, unspecified",,,https://id.who.int/icd/release/11/2025-01/mms/1707021193/unspecified,MB25.Z,ICD-11 MMS Chapter 21 API,,2025-01
1009,"Symptoms or signs of perceptual disturbance, unspecified","symptoms or signs of perceptual disturbance, unspecified",,,https://id.who.int/icd/release/11/2025-01/mms/1711901760/unspecified,MB27.Z,ICD-11 MMS Chapter 21 API,,2025-01
1110,Symptoms or signs of the orofacial complex,symptoms or signs of the orofacial complex,,,https://id.who.int/icd/release/11/2025-01/mms/481399219,MD80,ICD-11 MMS Chapter 21 API,,2025-01
985,Symptoms or signs of thought disorder,symptoms or signs of thought disorder,"Disturbances in the associative thought process typically manifest in speech or writing that range from circumstantiality to incoherence. These may be indicative of Schizophrenia and other primary psychotic disorders but can also occur in other mental disorders (e.g., Delirium).",,https://id.who.int/icd/release/11/2025-01/mms/1693572010,MB25.0,ICD-11 MMS Chapter 21 API,,2025-01
1321,"Symptoms or signs of thought disorder, unspecified","symptoms or signs of thought disorder, unspecified",,,https://id.who.int/icd/release/11/2025-01/mms/1693572010/unspecified,MB25.0Z,ICD-11 MMS Chapter 21 API,,2025-01
1221,Symptoms peculiar to infancy,symptoms peculiar to infancy,,,https://id.who.int/icd/release/11/2025-01/mms/338613294,MG44,ICD-11 MMS Chapter 21 API,,2025-01
1680,"Symptoms peculiar to infancy, unspecified","symptoms peculiar to infancy, unspecified",,,https://id.who.int/icd/release/11/2025-01/mms/338613294/unspecified,MG44.Z,ICD-11 MMS Chapter 21 API,,2025-01
1114,Symptoms related to the lower gastrointestinal tract or abdomen,symptoms related to the lower gastrointestinal tract or abdomen,,,https://id.who.int/icd/release/11/2025-01/mms/1511651595,,ICD-11 MMS Chapter 21 API,,2025-01
1113,Symptoms related to the upper gastrointestinal tract,symptoms related to the upper gastrointestinal tract,Clinical symptoms presumed to be arising from disorders/diseases of upper GI tract.,,https://id.who.int/icd/release/11/2025-01/mms/2112402577,,ICD-11 MMS Chapter 21 API,,2025-01
935,"Symptoms, signs or clinical findings involving cognition, unspecified","symptoms, signs or clinical findings involving cognition, unspecified",,,https://id.who.int/icd/release/11/2025-01/mms/1282135070/unspecified,MB21.Z,ICD-11 MMS Chapter 21 API,,2025-01
216,Syncope,syncope,,,,,Extracted from disease definitions (mentioned in 4 diseases),,2025-01
1222,Syncope or collapse,syncope or collapse,"Syncope is also called fainting, temporary loss of consciousness. Syncope and collapse is temporary loss of consciousness with a fall down.",,https://id.who.int/icd/release/11/2025-01/mms/1418136013,MG45,ICD-11 MMS Chapter 21 API,,2025-01
1683,"Syncope or collapse, unspecified","syncope or collapse, unspecified",,,https://id.who.int/icd/release/11/2025-01/mms/1418136013/unspecified,MG45.Z,ICD-11 MMS Chapter 21 API,,2025-01
309,Synovitis,synovitis,,,,,Extracted from disease definitions (mentioned in 1 diseases),,2025-01
278,Systemic Illness With Fever,systemic illness with fever,,,,,Extracted from disease definitions (mentioned in 2 diseases),,2025-01
1223,Systemic inflammatory response syndrome of noninfectious origin,systemic inflammatory response syndrome of noninfectious origin,,,https://id.who.int/icd/release/11/2025-01/mms/973161881,MG46,ICD-11 MMS Chapter 21 API,,2025-01
1775,Systolic elevated blood pressure reading without diagnosis of hypertension,systolic elevated blood pressure reading without diagnosis of hypertension,,,https://id.who.int/icd/release/11/2025-01/mms/630602913,MC80.03,ICD-11 MMS Chapter 21 API,,2025-01
127,Tachycardia,tachycardia,,,,,Extracted from disease definitions (mentioned in 13 diseases),,2025-01
1439,"Tachycardia, unspecified","tachycardia, unspecified",,,https://id.who.int/icd/release/11/2025-01/mms/515681918,MC81.0,ICD-11 MMS Chapter 21 API,,2025-01
201,Tachypnoea,tachypnoea,,,,,Extracted from disease definitions (mentioned in 4 diseases),,2025-01
1347,Tactile hallucinations,tactile hallucinations,"Hallucinations involving the perception of being touched (e.g., feeling like bugs are crawling on the skin, pins being stuck into one's finger) that are not restricted to the period of awakening or the onset of sleep.",,https://id.who.int/icd/release/11/2025-01/mms/158411694,MB27.26,ICD-11 MMS Chapter 21 API,,2025-01
1318,Tangentiality,tangentiality,A disturbance in the associative thought process typically manifest in speech in which the person tends to digress readily from the topic under discussion to other topics through associations without ever returning to the original topic.,,https://id.who.int/icd/release/11/2025-01/mms/1035925984,MB25.01,ICD-11 MMS Chapter 21 API,,2025-01
981,Tantrum,tantrum,"An emotional outburst, usually among children or those in emotional distress, that is typically characterised by stubbornness, crying, screaming, defiance, anger, a resistance to attempts at pacification, and in some cases hitting or other violent behaviour.",,https://id.who.int/icd/release/11/2025-01/mms/2033724521,MB24.G,ICD-11 MMS Chapter 21 API,,2025-01
482,Telangiectasia,telangiectasia,,,,,Extracted from disease definitions (mentioned in 1 diseases),,2025-01
1396,Tendency to fall,tendency to fall,,,https://id.who.int/icd/release/11/2025-01/mms/1093196899,MB47.C,ICD-11 MMS Chapter 21 API,,2025-01
781,Tendon pain,tendon pain,,,,,Curated symptom vocabulary,,2025-01
273,Tenesmus,tenesmus,,,,,Extracted from disease definitions (mentioned in 2 diseases),,2025-01
334,Tension headache,tension headache,,,,,Extracted from disease definitions (mentioned in 1 diseases),,2025-01
282,Testicular pain,testicular pain,,,,,Extracted from disease definitions (mentioned in 2 diseases),,2025-01
1397,Tetany,tetany,,,https://id.who.int/icd/release/11/2025-01/mms/1468891747,MB47.D,ICD-11 MMS Chapter 21 API,,2025-01
1413,Tetraplegia,tetraplegia,,,https://id.who.int/icd/release/11/2025-01/mms/583310882,MB50,ICD-11 MMS Chapter 21 API,,2025-01
1752,"Tetraplegia, unspecified","tetraplegia, unspecified",,,https://id.who.int/icd/release/11/2025-01/mms/583310882/unspecified,MB50.Z,ICD-11 MMS Chapter 21 API,,2025-01
595,That Is Preceded By Conjunctivitis,that is preceded by conjunctivitis,,,,,Extracted from disease definitions (mentioned in 1 diseases),,2025-01
528,That Often Result In Awakening With Anxiety,that often result in awakening with anxiety,,,,,Extracted from disease definitions (mentioned in 1 diseases),,2025-01
560,The Abrupt Onset Of Mild Eye Pain,the abrupt onset of mild eye pain,,,,,Extracted from disease definitions (mentioned in 1 diseases),,2025-01
525,The Presence Of Both Prominent Hallucinations,the presence of both prominent hallucinations,,,,,Extracted from disease definitions (mentioned in 1 diseases),,2025-01
335,The Presence Of Prominent Hallucinations,the presence of prominent hallucinations,,,,,Extracted from disease definitions (mentioned in 1 diseases),,2025-01
1566,Thoracic spine pain,thoracic spine pain,"This is a group of conditions characterised by pain perceived anywhere in the region bounded superiorly by a transverse line through the tip of the spinous process of T1, inferiorly by a transverse line through the tip of the spinous process of T12, and laterally by vertical lines tangential to the most lateral margins of the erector spinae muscles.",,https://id.who.int/icd/release/11/2025-01/mms/2125857013,ME84.1,ICD-11 MMS Chapter 21 API,,2025-01
561,Those Of Blurred Vision,those of blurred vision,,,,,Extracted from disease definitions (mentioned in 1 diseases),,2025-01
465,Those Of Increased Intracranial Pressure,those of increased intracranial pressure,,,,,Extracted from disease definitions (mentioned in 1 diseases),,2025-01
988,Thought blocking,thought blocking,"A phenomenon usually manifested by the person's speech being suddenly interrupted by silences, experienced as a quick and total emptying of the mind.",,https://id.who.int/icd/release/11/2025-01/mms/2103751657,MB25.3,ICD-11 MMS Chapter 21 API,,2025-01
1337,Thought broadcasting,thought broadcasting,The experience that one's thoughts are accessible by others so that others know what one is thinking.,,https://id.who.int/icd/release/11/2025-01/mms/1005583817,MB26.10,ICD-11 MMS Chapter 21 API,,2025-01
225,Thought disorder,thought disorder,,,,,Extracted from disease definitions (mentioned in 3 diseases),,2025-01
1338,Thought insertion,thought insertion,The experience that certain thoughts are being placed in one's mind by others.,,https://id.who.int/icd/release/11/2025-01/mms/84533121,MB26.11,ICD-11 MMS Chapter 21 API,,2025-01
1339,Thought withdrawal,thought withdrawal,The experience that one's thoughts are being removed by an outside person or force.,,https://id.who.int/icd/release/11/2025-01/mms/624695235,MB26.12,ICD-11 MMS Chapter 21 API,,2025-01
263,Throat pain,throat pain,,,,,Extracted from disease definitions (mentioned in 2 diseases),,2025-01
831,Throat tightness,throat tightness,,,,,Curated symptom vocabulary,,2025-01
656,Throbbing pain,throbbing pain,,,,,Curated symptom vocabulary,,2025-01
343,Tightness,tightness,,,,,Extracted from disease definitions (mentioned in 1 diseases),,2025-01
291,Tingling,tingling,,,,,Extracted from disease definitions (mentioned in 2 diseases),,2025-01
1354,Tingling fingers or feet or toes,tingling fingers or feet or toes,,,https://id.who.int/icd/release/11/2025-01/mms/1099683690,MB40.4,ICD-11 MMS Chapter 21 API,,2025-01
1553,Tingling of skin,tingling of skin,A prickling sensation in the skin which may result from external factors such as rain falling on the skin or may be due to transient or permanent peripheral nerve damage.,,https://id.who.int/icd/release/11/2025-01/mms/136421763,ME65.4,ICD-11 MMS Chapter 21 API,,2025-01
217,Tinnitus,tinnitus,,,,,Extracted from disease definitions (mentioned in 4 diseases),,2025-01
288,Tiredness,tiredness,,,,,Extracted from disease definitions (mentioned in 2 diseases),,2025-01
1381,Titubation,titubation,Head tremor of cerebellar origin,,https://id.who.int/icd/release/11/2025-01/mms/1941277445,MB46.4,ICD-11 MMS Chapter 21 API,,2025-01
587,Tonsillar Exudates,tonsillar exudates,,,,,Extracted from disease definitions (mentioned in 1 diseases),,2025-01
848,Tonsillitis,tonsillitis,,,,,Curated symptom vocabulary,,2025-01
846,Toothache,toothache,,,,,Curated symptom vocabulary,,2025-01
1224,Toxicosis not further specified,toxicosis not further specified,,,https://id.who.int/icd/release/11/2025-01/mms/159529856,MG47,ICD-11 MMS Chapter 21 API,,2025-01
1307,Transient global amnesia,transient global amnesia,A time-limited episode (lasting up to two days) of short-term memory loss without other signs or symptoms of neurological impairment.,,https://id.who.int/icd/release/11/2025-01/mms/1524600518,MB21.12,ICD-11 MMS Chapter 21 API,,2025-01
126,Tremor,tremor,,,,,Extracted from disease definitions (mentioned in 13 diseases),,2025-01
254,Tremors,tremors,,,,,Extracted from disease definitions (mentioned in 3 diseases),,2025-01
847,Trismus,trismus,,,,,Curated symptom vocabulary,,2025-01
518,Tunnel vision,tunnel vision,,,,,Extracted from disease definitions (mentioned in 1 diseases),,2025-01
331,Typically Presenting As Significant Confusion,typically presenting as significant confusion,,,,,Extracted from disease definitions (mentioned in 1 diseases),,2025-01
1527,Ulcer of skin of uncertain nature,ulcer of skin of uncertain nature,This denotes the presence of a skin ulcer but uncertainty as to its nature. No inference as to whether the ulcer might be of serious significance (e.g. suspected skin cancer) is made.,,https://id.who.int/icd/release/11/2025-01/mms/596352530,ME60.2,ICD-11 MMS Chapter 21 API,,2025-01
743,Unconsciousness,unconsciousness,,,,,Curated symptom vocabulary,,2025-01
386,Unexplained Infertility,unexplained infertility,,,,,Extracted from disease definitions (mentioned in 1 diseases),,2025-01
651,Unexplained bruising,unexplained bruising,,,,,Curated symptom vocabulary,,2025-01
899,Unexplained fever,unexplained fever,,,,,Curated symptom vocabulary,,2025-01
348,Unilateral Headache,unilateral headache,,,,,Extracted from disease definitions (mentioned in 1 diseases),,2025-01
640,Unintentional weight loss,unintentional weight loss,,,,,Curated symptom vocabulary,,2025-01
1225,Unknown or unspecified causes of morbidity,unknown or unspecified causes of morbidity,,,https://id.who.int/icd/release/11/2025-01/mms/1525902245,MG48,ICD-11 MMS Chapter 21 API,,2025-01
1502,Unspecified jaundice,unspecified jaundice,"A clinical manifestation of hyperbilirubinemia of unspecified origin, characterised by the yellowish staining of the skin; mucus membranes and sclera.",,https://id.who.int/icd/release/11/2025-01/mms/1056591229,ME10.1,ICD-11 MMS Chapter 21 API,,2025-01
176,Unsteadiness,unsteadiness,,,,,Extracted from disease definitions (mentioned in 5 diseases),,2025-01
570,Unsteadiness Of Gait That Worsens In Darkness,unsteadiness of gait that worsens in darkness,,,,,Extracted from disease definitions (mentioned in 1 diseases),,2025-01
602,Upper Limb Paralysis,upper limb paralysis,,,,,Extracted from disease definitions (mentioned in 1 diseases),,2025-01
662,Upper back pain,upper back pain,,,,,Curated symptom vocabulary,,2025-01
868,Urethral discharge,urethral discharge,,,,,Curated symptom vocabulary,,2025-01
1846,Urge Incontinence,urge incontinence,"This is a form of urinary incontinence characterised by the involuntary loss of urine occurring for no apparent reason while feeling urinary urgency, a sudden need or urge to urinate.",,https://id.who.int/icd/release/11/2025-01/mms/1342466282,MF50.21,ICD-11 MMS Chapter 21 API,,2025-01
297,Urgency,urgency,,,,,Extracted from disease definitions (mentioned in 2 diseases),,2025-01
1858,Urgency of urination,urgency of urination,A sudden and strong urge to urinate along with discomfort in the bladder,,https://id.who.int/icd/release/11/2025-01/mms/2063029245,MF50.63,ICD-11 MMS Chapter 21 API,,2025-01
190,Urinary incontinence,urinary incontinence,,,,,Extracted from disease definitions (mentioned in 4 diseases),,2025-01
1851,"Urinary incontinence, unspecified","urinary incontinence, unspecified",,,https://id.who.int/icd/release/11/2025-01/mms/766129123/unspecified,MF50.2Z,ICD-11 MMS Chapter 21 API,,2025-01
861,Urinary retention,urinary retention,,,,,Curated symptom vocabulary,,2025-01
1166,Urinary symptom or complaint,urinary symptom or complaint,,,https://id.who.int/icd/release/11/2025-01/mms/873135456,MF59,ICD-11 MMS Chapter 21 API,,2025-01
298,Urinary urgency,urinary urgency,,,,,Extracted from disease definitions (mentioned in 2 diseases),,2025-01
240,Urticaria,urticaria,,,,,Extracted from disease definitions (mentioned in 3 diseases),,2025-01
346,Usually Accompanied By Nausea,usually accompanied by nausea,,,,,Extracted from disease definitions (mentioned in 1 diseases),,2025-01
421,Usually Painless Erythematous Macules,usually painless erythematous macules,,,,,Extracted from disease definitions (mentioned in 1 diseases),,2025-01
580,Vaginal Bleeding,vaginal bleeding,,,,,Extracted from disease definitions (mentioned in 1 diseases),,2025-01
380,Vaginal Bleeding During,vaginal bleeding during,,,,,Extracted from disease definitions (mentioned in 1 diseases),,2025-01
877,Vaginal discharge,vaginal discharge,,,,,Curated symptom vocabulary,,2025-01
316,Vaginal dryness,vaginal dryness,,,,,Extracted from disease definitions (mentioned in 1 diseases),,2025-01
878,Vaginal itching,vaginal itching,,,,,Curated symptom vocabulary,,2025-01
446,Variable Combinations Of Convulsions,variable combinations of convulsions,,,,,Extracted from disease definitions (mentioned in 1 diseases),,2025-01
604,Variable Combinations Of Headache,variable combinations of headache,,,,,Extracted from disease definitions (mentioned in 1 diseases),,2025-01
563,Variable Strabismus,variable strabismus,,,,,Extracted from disease definitions (mentioned in 1 diseases),,2025-01
546,Varying Degrees Of Lower Limb Spasticity,varying degrees of lower limb spasticity,,,,,Extracted from disease definitions (mentioned in 1 diseases),,2025-01
1445,Ventricular tachycardia and fibrillation cardiac arrest,ventricular tachycardia and fibrillation cardiac arrest,Discoordinated or rapid ventricular depolarization resulting in hemodynamic collapse.,,https://id.who.int/icd/release/11/2025-01/mms/1966487547,MC82.0,ICD-11 MMS Chapter 21 API,,2025-01
129,Vertigo,vertigo,,,,,Extracted from disease definitions (mentioned in 12 diseases),,2025-01
1747,Vertigo of central origin,vertigo of central origin,"Central vertigo is usually a result of an abnormal processing of the vestibular sensory input by the central nervous system due to either a disruption of central integrators (i.e. brain stem, cerebellum) or a sensory information mismatch (i.e. from the cortex). Lesions that affect the vestibular nerve or root entry zone (i.e. cerebellopontine angle [CPA] lesions) result in imbalance by affecting primary vestibular sensory information",,https://id.who.int/icd/release/11/2025-01/mms/796932381,MB48.00,ICD-11 MMS Chapter 21 API,,2025-01
1749,"Vertigo, unspecified","vertigo, unspecified",,,https://id.who.int/icd/release/11/2025-01/mms/1398634694/unspecified,MB48.0Z,ICD-11 MMS Chapter 21 API,,2025-01
1612,Vesical tenesmus,vesical tenesmus,ineffective and painful straining for urination,,https://id.who.int/icd/release/11/2025-01/mms/1272514235,MF50.8,ICD-11 MMS Chapter 21 API,,2025-01
145,Vesicles,vesicles,,,,,Extracted from disease definitions (mentioned in 8 diseases),,2025-01
896,Virilisation,virilisation,,,,,Curated symptom vocabulary,,2025-01
1498,Visible peristalsis,visible peristalsis,The wavelike increased peristaltic motions of the intestines by which contents are forced onward toward the opening in such a way that they become visible through the abdominal walls by visual examination.,,https://id.who.int/icd/release/11/2025-01/mms/1984264795,ME0A,ICD-11 MMS Chapter 21 API,,2025-01
810,Vision loss,vision loss,,,,,Curated symptom vocabulary,,2025-01
196,Visual disturbance,visual disturbance,,,,,Extracted from disease definitions (mentioned in 4 diseases),,2025-01
1070,Visual floaters,visual floaters,Floaters are dark spots or shapes that seem to float in front of the retinal image.,,https://id.who.int/icd/release/11/2025-01/mms/1682787895,MC1A,ICD-11 MMS Chapter 21 API,,2025-01
296,Visual hallucinations,visual hallucinations,,,,,Extracted from disease definitions (mentioned in 2 diseases),,2025-01
36,Vitamin B12 deficiency anaemia due to selective vitamin B12 malabsorption with proteinuria,,"Imerslund-Gräsbeck syndrome or selective vitamin B12 (cobalamin) malabsorption with proteinuria is a rare autosomal recessive disorder characterised by vitamin B12 deficiency commonly resulting in megaloblastic anaemia, which is responsive to parenteral vitamin B12 therapy and appears in childhood. Other manifestations include failure to thrive and grow, infections and neurological damage. Mild proteinuria (with no signs of kidney disease) is present in about half of the patients. The cause is a defect in the receptor of the vitamin B12-intrinsic factor complex of the ileal enterocyte. In most cases, the molecular basis of the selective malabsorption and proteinuria involves a mutation in one of two genes, cubilin (CUBN) on chromosome 10 or amnionless (AMN) on chromosome 14. Both the proteins are components of the intestinal receptor for the vitamin B12-intrinsic factor complex and the receptor mediating the tubular reabsorption of protein from the primary urine.",,https://id.who.int/icd/entity/1099048678,,WHO ICD-11 API,,2025-01
797,Vitiligo,vitiligo,,,,,Curated symptom vocabulary,,2025-01
704,Voice change,voice change,,,,,Curated symptom vocabulary,,2025-01
920,Voice disturbances,voice disturbances,"Voice disturbances include dysphonia, aphonia, hypernasality and hyponasality, and other voice disturbances.",,https://id.who.int/icd/release/11/2025-01/mms/176555113,MA82,ICD-11 MMS Chapter 21 API,,2025-01
1304,"Voice disturbances, unspecified","voice disturbances, unspecified",,,https://id.who.int/icd/release/11/2025-01/mms/176555113/unspecified,MA82.Z,ICD-11 MMS Chapter 21 API,,2025-01
833,Voice hoarseness,voice hoarseness,,,,,Curated symptom vocabulary,,2025-01
82,Vomiting,vomiting,,,,,Extracted from disease definitions (mentioned in 59 diseases),,2025-01
242,Vomiting After Coughing,vomiting after coughing,,,,,Extracted from disease definitions (mentioned in 3 diseases),,2025-01
609,Vomiting blood,vomiting blood,,,,,Extracted from disease definitions (mentioned in 1 diseases),,2025-01
53,Von Willebrand disease type 1,,"Type 1 von Willebrand disease (type 1 VWD) is a form of VWD (see this term) characterised by a bleeding disorder associated with a partial quantitative plasmatic deficiency of an otherwise structurally and functionally normal Willebrand factor (von Willebrand factor; VWF). The type 1 disease is considered to be the most common form of VWD, accounting for between 50 and 75% of cases but its prevalence is probably overestimated. Age of onset of bleeding anomalies varies, with earlier onset and more severe symptoms being associated with more severe VWF deficiency.",,https://id.who.int/icd/entity/1861858008,,WHO ICD-11 API,,2025-01
162,Wasting,wasting,,,,,Extracted from disease definitions (mentioned in 6 diseases),,2025-01
414,Watery Diarrhoea,watery diarrhoea,,,,,Extracted from disease definitions (mentioned in 1 diseases),,2025-01
812,Watery eyes,watery eyes,,,,,Curated symptom vocabulary,,2025-01
695,Weak pulse,weak pulse,,,,,Curated symptom vocabulary,,2025-01
863,Weak urine stream,weak urine stream,,,,,Curated symptom vocabulary,,2025-01
83,Weakness,weakness,,,,,Extracted from disease definitions (mentioned in 53 diseases),,2025-01
1588,Wedging of vertebra,wedging of vertebra,,,https://id.who.int/icd/release/11/2025-01/mms/554681605,ME92.0,ICD-11 MMS Chapter 21 API,,2025-01
158,Weight gain,weight gain,,,,,Extracted from disease definitions (mentioned in 6 diseases),,2025-01
123,Weight loss,weight loss,,,,,Extracted from disease definitions (mentioned in 14 diseases),,2025-01
701,Wet cough,wet cough,,,,,Curated symptom vocabulary,,2025-01
1038,Wetting,wetting,"The voiding of urine into clothes or bed, which may occur during the day or night in an individual who has reached a developmental age where urinary continence is ordinarily expected.",,https://id.who.int/icd/release/11/2025-01/mms/364270617,MB2A.1,ICD-11 MMS Chapter 21 API,,2025-01
239,Wheezing,wheezing,,,,,Extracted from disease definitions (mentioned in 3 diseases),,2025-01
575,Which Lead To Diarrhea Other Infections,which lead to diarrhea other infections,,,,,Extracted from disease definitions (mentioned in 1 diseases),,2025-01
1772,White coat hypertension,white coat hypertension,Persistently elevated office blood pressure readings with persistently normal out-of-the-office readings.,,https://id.who.int/icd/release/11/2025-01/mms/461779987,MC80.00,ICD-11 MMS Chapter 21 API,,2025-01
445,With Fever,with fever,,,,,Extracted from disease definitions (mentioned in 1 diseases),,2025-01
284,With Jaundice In Severe Cases,with jaundice in severe cases,,,,,Extracted from disease definitions (mentioned in 2 diseases),,2025-01
448,With Jaundice In Severer Cases,with jaundice in severer cases,,,,,Extracted from disease definitions (mentioned in 1 diseases),,2025-01
572,With Regurgitation,with regurgitation,,,,,Extracted from disease definitions (mentioned in 1 diseases),,2025-01
330,Withdrawal,withdrawal,,,,,Extracted from disease definitions (mentioned in 1 diseases),,2025-01
466,Without Anaemia,without anaemia,,,,,Extracted from disease definitions (mentioned in 1 diseases),,2025-01
573,Without Dengue Shock,without dengue shock,,,,,Extracted from disease definitions (mentioned in 1 diseases),,2025-01
269,Without Haemorrhage,without haemorrhage,,,,,Extracted from disease definitions (mentioned in 2 diseases),,2025-01
754,Word-finding difficulty,word-finding difficulty,,,,,Curated symptom vocabulary,,2025-01
982,Worry,worry,"Unpleasant thoughts that are difficult to control, related to anticipated potential negative events.",,https://id.who.int/icd/release/11/2025-01/mms/2143265241,MB24.H,ICD-11 MMS Chapter 21 API,,2025-01
669,Wrist pain,wrist pain,,,,,Curated symptom vocabulary,,2025-01
42,X-linked sideroblastic anaemia with ataxia,,"X-linked sideroblastic anaemia with ataxia (XLSA/A) is a hereditary ataxia characterised by motor delay, ataxia evident from early childhood, and dysarthria. Neurological features are non-progressive. Patients usually have a mild asymptomatic anaemia or a borderline decreased mean corpuscular volume.",,https://id.who.int/icd/entity/609727552,,WHO ICD-11 API,,2025-01
499,Xerosis,xerosis,,,,,Extracted from disease definitions (mentioned in 1 diseases),,2025-01
1461,Yawning,yawning,,,https://id.who.int/icd/release/11/2025-01/mms/1198766532,MD11.D,ICD-11 MMS Chapter 21 API,,2025-01
